patient_code,age,gender,blood_pressure_sys,blood_pressure_dia,cholesterol_mg_dl,fasting_bs_mg_dl,chest_pain_type,max_heart_rate,exercise_angina,diagnosis,raw_clinical_text
PAT-HOSPITAL_C-0000,76,F,116,94,204.2,101.2,1,182,0,0,"Patient David Taylor (MRN-100000, SSN 878-11-6413) admitted at City Health Medical Center in Atlanta on 2026-03-11. Contact david.taylor@example.com or phone 771-875-6466. Presents with atypical chest discomfort radiating to left arm. Hospital C record."
PAT-HOSPITAL_C-0001,57,M,122,90,223.7,117.9,1,121,0,0,"Patient John Doe (MRN-100001, SSN 546-67-1883) admitted at City Health Medical Center in Atlanta on 2026-04-25. Contact john.doe@example.com or phone 316-952-4939. Experiencing acute exertional angina and mild dizziness. Hospital C record."
PAT-HOSPITAL_C-0002,39,F,170,82,224.2,104.6,0,174,1,0,"Patient Robert Johnson (MRN-100002, SSN 642-67-5178) admitted at Mercy General Hospital in Chicago on 2026-08-26. Contact robert.johnson@example.com or phone 838-291-5968. Presents with atypical chest discomfort radiating to left arm. Hospital C record."
PAT-HOSPITAL_C-0003,74,F,134,70,250.0,108.9,2,90,1,1,"Patient Michael Brown (MRN-100003, SSN 595-24-7257) admitted at City Health Medical Center in Seattle on 2026-02-27. Contact michael.brown@example.com or phone 680-339-1208. Asymptomatic routine checkup with elevated blood pressure. Hospital C record."
PAT-HOSPITAL_C-0004,51,M,147,94,247.9,107.3,2,151,0,1,"Patient John Doe (MRN-100004, SSN 676-59-3360) admitted at St. Jude Hospital in New York on 2026-04-10. Contact john.doe@example.com or phone 409-501-7623. Asymptomatic routine checkup with elevated blood pressure. Hospital C record."
PAT-HOSPITAL_C-0005,71,M,111,78,184.3,102.2,0,93,0,0,"Patient Emily Davis (MRN-100005, SSN 131-73-6218) admitted at Presbyterian Hospital in Dallas on 2026-02-13. Contact emily.davis@example.com or phone 271-326-9571. Experiencing acute exertional angina and mild dizziness. Hospital C record."
PAT-HOSPITAL_C-0006,45,M,112,107,281.5,148.2,0,148,0,0,"Patient Emily Davis (MRN-100006, SSN 986-60-7812) admitted at Mercy General Hospital in New York on 2026-04-12. Contact emily.davis@example.com or phone 690-522-5374. Experiencing acute exertional angina and mild dizziness. Hospital C record."
PAT-HOSPITAL_C-0007,57,M,142,105,204.4,99.2,1,150,1,1,"Patient Michael Brown (MRN-100007, SSN 545-27-6713) admitted at St. Jude Hospital in Atlanta on 2026-04-15. Contact michael.brown@example.com or phone 537-976-8451. Presents with atypical chest discomfort radiating to left arm. Hospital C record."
PAT-HOSPITAL_C-0008,63,M,134,107,233.5,111.6,2,96,0,1,"Patient Laura Martinez (MRN-100008, SSN 442-44-4909) admitted at Presbyterian Hospital in New York on 2026-08-16. Contact laura.martinez@example.com or phone 762-239-9352. Presents with atypical chest discomfort radiating to left arm. Hospital C record."
PAT-HOSPITAL_C-0009,46,M,128,72,192.8,95.3,2,125,0,0,"Patient Sarah Wilson (MRN-100009, SSN 989-33-6530) admitted at Mercy General Hospital in Chicago on 2026-08-15. Contact sarah.wilson@example.com or phone 925-421-2107. Presents with atypical chest discomfort radiating to left arm. Hospital C record."
PAT-HOSPITAL_C-0010,79,M,135,82,193.9,145.7,1,162,0,1,"Patient David Taylor (MRN-100010, SSN 140-75-3071) admitted at City Health Medical Center in Seattle on 2026-02-19. Contact david.taylor@example.com or phone 931-243-7175. Experiencing acute exertional angina and mild dizziness. Hospital C record."
PAT-HOSPITAL_C-0011,70,M,152,90,299.0,91.1,3,165,0,1,"Patient Michael Brown (MRN-100011, SSN 468-15-7551) admitted at Mercy General Hospital in New York on 2026-04-14. Contact michael.brown@example.com or phone 821-525-3335. History of hypertension and dyspnea on exertion. Hospital C record."
PAT-HOSPITAL_C-0012,69,F,176,74,175.7,145.6,0,172,1,1,"Patient David Taylor (MRN-100012, SSN 675-68-9402) admitted at Presbyterian Hospital in New York on 2026-04-22. Contact david.taylor@example.com or phone 377-552-4604. Experiencing acute exertional angina and mild dizziness. Hospital C record."
PAT-HOSPITAL_C-0013,46,M,177,77,227.7,137.1,3,112,0,0,"Patient Alice Smith (MRN-100013, SSN 328-95-4327) admitted at Presbyterian Hospital in Chicago on 2026-03-24. Contact alice.smith@example.com or phone 676-343-8221. History of hypertension and dyspnea on exertion. Hospital C record."
PAT-HOSPITAL_C-0014,58,M,138,96,233.4,143.1,3,105,0,0,"Patient Robert Johnson (MRN-100014, SSN 111-20-1747) admitted at Mercy General Hospital in Chicago on 2026-04-18. Contact robert.johnson@example.com or phone 336-486-3880. Presents with atypical chest discomfort radiating to left arm. Hospital C record."
PAT-HOSPITAL_C-0015,69,M,136,95,213.8,112.2,2,156,1,1,"Patient Sarah Wilson (MRN-100015, SSN 474-24-6855) admitted at Mercy General Hospital in San Francisco on 2026-06-24. Contact sarah.wilson@example.com or phone 648-359-4286. Asymptomatic routine checkup with elevated blood pressure. Hospital C record."
PAT-HOSPITAL_C-0016,45,F,137,89,297.1,154.3,2,170,0,0,"Patient Robert Johnson (MRN-100016, SSN 778-50-6645) admitted at Mercy General Hospital in Seattle on 2026-03-15. Contact robert.johnson@example.com or phone 867-653-5671. Experiencing acute exertional angina and mild dizziness. Hospital C record."
PAT-HOSPITAL_C-0017,42,F,114,74,163.6,136.1,1,178,1,0,"Patient Sarah Wilson (MRN-100017, SSN 649-40-9322) admitted at Presbyterian Hospital in San Francisco on 2026-03-16. Contact sarah.wilson@example.com or phone 342-263-3439. Experiencing acute exertional angina and mild dizziness. Hospital C record."
PAT-HOSPITAL_C-0018,58,F,158,86,217.7,120.2,2,124,0,0,"Patient Laura Martinez (MRN-100018, SSN 462-56-2454) admitted at Mercy General Hospital in Miami on 2026-05-19. Contact laura.martinez@example.com or phone 894-586-1528. Experiencing acute exertional angina and mild dizziness. Hospital C record."
PAT-HOSPITAL_C-0019,76,M,121,75,250.7,145.8,1,113,0,0,"Patient Sarah Wilson (MRN-100019, SSN 821-29-5536) admitted at Mercy General Hospital in Boston on 2026-02-13. Contact sarah.wilson@example.com or phone 721-376-2099. Presents with atypical chest discomfort radiating to left arm. Hospital C record."
PAT-HOSPITAL_C-0020,73,M,112,105,204.4,131.0,2,99,0,0,"Patient Michael Brown (MRN-100020, SSN 353-90-1848) admitted at Presbyterian Hospital in Miami on 2026-04-18. Contact michael.brown@example.com or phone 217-422-9394. Experiencing acute exertional angina and mild dizziness. Hospital C record."
PAT-HOSPITAL_C-0021,79,M,132,80,179.8,128.4,3,122,0,0,"Patient Sarah Wilson (MRN-100021, SSN 411-27-1895) admitted at City Health Medical Center in Atlanta on 2026-07-22. Contact sarah.wilson@example.com or phone 514-770-3864. History of hypertension and dyspnea on exertion. Hospital C record."
PAT-HOSPITAL_C-0022,46,F,143,90,193.3,106.1,3,183,0,1,"Patient Michael Brown (MRN-100022, SSN 319-10-2668) admitted at City Health Medical Center in Boston on 2026-08-15. Contact michael.brown@example.com or phone 730-768-1714. History of hypertension and dyspnea on exertion. Hospital C record."
PAT-HOSPITAL_C-0023,69,M,115,104,206.0,151.9,1,154,0,0,"Patient Emily Davis (MRN-100023, SSN 443-23-1436) admitted at St. Jude Hospital in Miami on 2026-05-14. Contact emily.davis@example.com or phone 334-626-5241. History of hypertension and dyspnea on exertion. Hospital C record."
PAT-HOSPITAL_C-0024,70,M,126,83,192.2,148.5,0,168,1,0,"Patient Alice Smith (MRN-100024, SSN 412-30-5779) admitted at St. Jude Hospital in San Francisco on 2026-07-16. Contact alice.smith@example.com or phone 695-852-5443. Asymptomatic routine checkup with elevated blood pressure. Hospital C record."
PAT-HOSPITAL_C-0025,77,M,143,89,232.9,134.2,2,152,0,0,"Patient David Taylor (MRN-100025, SSN 686-70-7081) admitted at Mercy General Hospital in Dallas on 2026-08-19. Contact david.taylor@example.com or phone 707-629-1778. Asymptomatic routine checkup with elevated blood pressure. Hospital C record."
PAT-HOSPITAL_C-0026,67,F,120,88,151.5,109.8,0,192,0,0,"Patient David Taylor (MRN-100026, SSN 502-25-1661) admitted at Mercy General Hospital in San Francisco on 2026-06-17. Contact david.taylor@example.com or phone 295-279-6479. History of hypertension and dyspnea on exertion. Hospital C record."
PAT-HOSPITAL_C-0027,53,F,161,106,193.2,159.6,0,186,0,0,"Patient Emily Davis (MRN-100027, SSN 572-90-3219) admitted at City Health Medical Center in Boston on 2026-05-22. Contact emily.davis@example.com or phone 437-397-4071. Reports tightness in chest and shortness of breath. Hospital C record."
PAT-HOSPITAL_C-0028,49,F,175,103,284.9,113.4,2,113,1,0,"Patient David Taylor (MRN-100028, SSN 586-94-4533) admitted at City Health Medical Center in Boston on 2026-07-25. Contact david.taylor@example.com or phone 552-965-6514. Reports tightness in chest and shortness of breath. Hospital C record."
PAT-HOSPITAL_C-0029,42,F,115,75,220.4,80.7,0,139,1,0,"Patient John Doe (MRN-100029, SSN 248-78-9893) admitted at St. Jude Hospital in Boston on 2026-03-16. Contact john.doe@example.com or phone 243-603-3012. Experiencing acute exertional angina and mild dizziness. Hospital C record."
PAT-HOSPITAL_C-0030,40,M,155,75,186.5,119.2,1,108,0,0,"Patient David Taylor (MRN-100030, SSN 366-79-1011) admitted at Mercy General Hospital in Atlanta on 2026-01-24. Contact david.taylor@example.com or phone 299-283-3803. Experiencing acute exertional angina and mild dizziness. Hospital C record."
PAT-HOSPITAL_C-0031,57,F,160,88,196.7,148.7,0,90,0,1,"Patient Sarah Wilson (MRN-100031, SSN 854-96-5667) admitted at St. Jude Hospital in Chicago on 2026-03-22. Contact sarah.wilson@example.com or phone 581-741-3211. Experiencing acute exertional angina and mild dizziness. Hospital C record."
PAT-HOSPITAL_C-0032,70,F,162,77,242.8,129.8,1,98,0,1,"Patient Laura Martinez (MRN-100032, SSN 434-95-3241) admitted at St. Jude Hospital in Boston on 2026-04-18. Contact laura.martinez@example.com or phone 870-631-1121. Experiencing acute exertional angina and mild dizziness. Hospital C record."
PAT-HOSPITAL_C-0033,71,M,164,84,199.6,120.1,1,128,0,1,"Patient Michael Brown (MRN-100033, SSN 359-75-7451) admitted at St. Jude Hospital in Seattle on 2026-04-13. Contact michael.brown@example.com or phone 536-761-2768. History of hypertension and dyspnea on exertion. Hospital C record."
PAT-HOSPITAL_C-0034,54,F,179,94,243.9,138.5,2,154,0,1,"Patient John Doe (MRN-100034, SSN 538-82-8609) admitted at City Health Medical Center in Dallas on 2026-03-19. Contact john.doe@example.com or phone 978-516-6886. Reports tightness in chest and shortness of breath. Hospital C record."
PAT-HOSPITAL_C-0035,65,M,117,101,197.3,127.3,3,113,1,1,"Patient Robert Johnson (MRN-100035, SSN 836-58-3514) admitted at Mercy General Hospital in San Francisco on 2026-07-21. Contact robert.johnson@example.com or phone 918-725-8419. Reports tightness in chest and shortness of breath. Hospital C record."
PAT-HOSPITAL_C-0036,76,M,144,108,301.1,97.1,2,112,0,0,"Patient Emily Davis (MRN-100036, SSN 433-30-2252) admitted at Presbyterian Hospital in Boston on 2026-05-13. Contact emily.davis@example.com or phone 845-347-3262. Experiencing acute exertional angina and mild dizziness. Hospital C record."
PAT-HOSPITAL_C-0037,72,F,158,104,261.0,125.7,1,99,1,1,"Patient Laura Martinez (MRN-100037, SSN 440-58-8867) admitted at Presbyterian Hospital in New York on 2026-07-13. Contact laura.martinez@example.com or phone 877-914-3815. Asymptomatic routine checkup with elevated blood pressure. Hospital C record."
PAT-HOSPITAL_C-0038,50,M,124,101,297.4,114.1,3,138,1,1,"Patient Emily Davis (MRN-100038, SSN 425-81-6949) admitted at Presbyterian Hospital in Boston on 2026-01-26. Contact emily.davis@example.com or phone 871-420-1157. History of hypertension and dyspnea on exertion. Hospital C record."
PAT-HOSPITAL_C-0039,59,F,134,85,293.5,129.8,0,114,0,1,"Patient Alice Smith (MRN-100039, SSN 717-81-9531) admitted at St. Jude Hospital in New York on 2026-01-21. Contact alice.smith@example.com or phone 881-936-9819. Presents with atypical chest discomfort radiating to left arm. Hospital C record."
PAT-HOSPITAL_C-0040,65,M,131,75,216.6,110.7,0,127,0,0,"Patient Laura Martinez (MRN-100040, SSN 558-83-1688) admitted at St. Jude Hospital in New York on 2026-07-27. Contact laura.martinez@example.com or phone 669-969-3864. Reports tightness in chest and shortness of breath. Hospital C record."
PAT-HOSPITAL_C-0041,40,F,127,97,177.9,131.1,3,127,0,0,"Patient David Taylor (MRN-100041, SSN 495-68-9221) admitted at City Health Medical Center in Chicago on 2026-07-19. Contact david.taylor@example.com or phone 318-635-2907. Reports tightness in chest and shortness of breath. Hospital C record."
PAT-HOSPITAL_C-0042,62,M,155,81,306.8,105.8,0,190,0,1,"Patient John Doe (MRN-100042, SSN 451-17-5413) admitted at City Health Medical Center in Seattle on 2026-06-15. Contact john.doe@example.com or phone 283-883-4447. Presents with atypical chest discomfort radiating to left arm. Hospital C record."
PAT-HOSPITAL_C-0043,70,M,165,84,239.9,101.2,3,184,1,1,"Patient David Taylor (MRN-100043, SSN 384-79-1326) admitted at Presbyterian Hospital in Seattle on 2026-03-14. Contact david.taylor@example.com or phone 431-980-3235. Presents with atypical chest discomfort radiating to left arm. Hospital C record."
PAT-HOSPITAL_C-0044,60,M,174,95,175.0,95.0,1,167,0,0,"Patient Michael Brown (MRN-100044, SSN 172-21-3858) admitted at City Health Medical Center in San Francisco on 2026-04-27. Contact michael.brown@example.com or phone 523-277-9578. Reports tightness in chest and shortness of breath. Hospital C record."
PAT-HOSPITAL_C-0045,39,M,131,107,236.0,136.4,1,135,0,1,"Patient Sarah Wilson (MRN-100045, SSN 767-35-9033) admitted at St. Jude Hospital in Seattle on 2026-03-10. Contact sarah.wilson@example.com or phone 861-241-7432. Reports tightness in chest and shortness of breath. Hospital C record."
PAT-HOSPITAL_C-0046,51,F,171,76,281.5,112.3,2,94,1,0,"Patient Laura Martinez (MRN-100046, SSN 501-89-7656) admitted at St. Jude Hospital in Seattle on 2026-05-12. Contact laura.martinez@example.com or phone 400-996-5400. History of hypertension and dyspnea on exertion. Hospital C record."
PAT-HOSPITAL_C-0047,76,M,171,104,211.9,116.3,3,121,0,0,"Patient Robert Johnson (MRN-100047, SSN 882-10-7703) admitted at City Health Medical Center in Seattle on 2026-03-14. Contact robert.johnson@example.com or phone 690-362-4116. History of hypertension and dyspnea on exertion. Hospital C record."
PAT-HOSPITAL_C-0048,53,M,126,75,298.1,136.6,2,166,0,0,"Patient John Doe (MRN-100048, SSN 796-31-8617) admitted at Presbyterian Hospital in Atlanta on 2026-03-23. Contact john.doe@example.com or phone 596-437-4614. Experiencing acute exertional angina and mild dizziness. Hospital C record."
PAT-HOSPITAL_C-0049,58,M,148,91,300.1,114.6,2,132,0,0,"Patient Laura Martinez (MRN-100049, SSN 880-31-7322) admitted at Mercy General Hospital in Boston on 2026-06-18. Contact laura.martinez@example.com or phone 893-574-8381. Reports tightness in chest and shortness of breath. Hospital C record."
PAT-HOSPITAL_C-0050,72,F,120,101,236.5,97.9,1,90,1,0,"Patient Alice Smith (MRN-100050, SSN 853-56-9102) admitted at Presbyterian Hospital in Seattle on 2026-07-23. Contact alice.smith@example.com or phone 617-981-9582. Reports tightness in chest and shortness of breath. Hospital C record."
PAT-HOSPITAL_C-0051,59,M,141,95,243.0,86.4,1,152,0,0,"Patient Emily Davis (MRN-100051, SSN 320-88-7377) admitted at Mercy General Hospital in Seattle on 2026-08-24. Contact emily.davis@example.com or phone 256-221-6620. Presents with atypical chest discomfort radiating to left arm. Hospital C record."
PAT-HOSPITAL_C-0052,50,F,123,109,231.9,127.7,2,176,0,1,"Patient Sarah Wilson (MRN-100052, SSN 845-35-4100) admitted at Presbyterian Hospital in San Francisco on 2026-08-18. Contact sarah.wilson@example.com or phone 751-271-5010. Presents with atypical chest discomfort radiating to left arm. Hospital C record."
PAT-HOSPITAL_C-0053,43,M,117,71,309.4,93.2,1,113,0,0,"Patient John Doe (MRN-100053, SSN 263-26-9978) admitted at Mercy General Hospital in Atlanta on 2026-02-11. Contact john.doe@example.com or phone 911-371-7476. Asymptomatic routine checkup with elevated blood pressure. Hospital C record."
PAT-HOSPITAL_C-0054,57,M,134,72,197.2,151.8,0,101,1,0,"Patient David Taylor (MRN-100054, SSN 235-66-5784) admitted at City Health Medical Center in Dallas on 2026-05-12. Contact david.taylor@example.com or phone 870-849-5798. Reports tightness in chest and shortness of breath. Hospital C record."
PAT-HOSPITAL_C-0055,79,F,143,90,160.8,114.1,0,192,1,0,"Patient Alice Smith (MRN-100055, SSN 371-54-4672) admitted at Presbyterian Hospital in Dallas on 2026-02-13. Contact alice.smith@example.com or phone 895-560-6291. Asymptomatic routine checkup with elevated blood pressure. Hospital C record."
PAT-HOSPITAL_C-0056,66,F,154,82,183.9,151.7,0,129,0,0,"Patient Emily Davis (MRN-100056, SSN 940-42-4208) admitted at Presbyterian Hospital in Chicago on 2026-03-19. Contact emily.davis@example.com or phone 990-233-1500. Reports tightness in chest and shortness of breath. Hospital C record."
PAT-HOSPITAL_C-0057,48,M,174,82,299.0,125.7,3,124,0,1,"Patient Alice Smith (MRN-100057, SSN 199-39-4411) admitted at Mercy General Hospital in San Francisco on 2026-07-12. Contact alice.smith@example.com or phone 382-450-4207. Presents with atypical chest discomfort radiating to left arm. Hospital C record."
PAT-HOSPITAL_C-0058,71,F,146,80,167.6,138.8,2,109,0,0,"Patient Robert Johnson (MRN-100058, SSN 527-53-6257) admitted at Mercy General Hospital in Boston on 2026-07-22. Contact robert.johnson@example.com or phone 401-446-7310. Reports tightness in chest and shortness of breath. Hospital C record."
PAT-HOSPITAL_C-0059,69,M,154,89,225.9,126.8,3,110,0,0,"Patient John Doe (MRN-100059, SSN 189-49-9773) admitted at Mercy General Hospital in San Francisco on 2026-07-12. Contact john.doe@example.com or phone 792-209-9188. Reports tightness in chest and shortness of breath. Hospital C record."
PAT-HOSPITAL_C-0060,39,M,137,108,170.2,159.5,0,142,1,1,"Patient Alice Smith (MRN-100060, SSN 109-27-8516) admitted at St. Jude Hospital in Seattle on 2026-06-27. Contact alice.smith@example.com or phone 213-730-5437. Reports tightness in chest and shortness of breath. Hospital C record."
PAT-HOSPITAL_C-0061,65,M,141,84,318.2,108.0,2,140,0,0,"Patient David Taylor (MRN-100061, SSN 401-97-8779) admitted at Mercy General Hospital in Chicago on 2026-07-15. Contact david.taylor@example.com or phone 598-464-9430. History of hypertension and dyspnea on exertion. Hospital C record."
PAT-HOSPITAL_C-0062,37,F,110,70,242.3,145.9,0,123,0,1,"Patient Alice Smith (MRN-100062, SSN 291-42-6279) admitted at St. Jude Hospital in Boston on 2026-06-11. Contact alice.smith@example.com or phone 210-446-7298. Experiencing acute exertional angina and mild dizziness. Hospital C record."
PAT-HOSPITAL_C-0063,60,F,169,100,315.2,93.0,2,143,1,1,"Patient Robert Johnson (MRN-100063, SSN 138-28-9387) admitted at St. Jude Hospital in Boston on 2026-04-18. Contact robert.johnson@example.com or phone 706-625-6268. History of hypertension and dyspnea on exertion. Hospital C record."
PAT-HOSPITAL_C-0064,36,M,162,80,175.0,156.0,0,111,0,0,"Patient Emily Davis (MRN-100064, SSN 111-50-9153) admitted at St. Jude Hospital in Seattle on 2026-04-13. Contact emily.davis@example.com or phone 781-666-6829. History of hypertension and dyspnea on exertion. Hospital C record."
PAT-HOSPITAL_C-0065,62,M,161,85,226.6,80.2,0,194,0,1,"Patient Laura Martinez (MRN-100065, SSN 558-64-1719) admitted at St. Jude Hospital in Dallas on 2026-06-17. Contact laura.martinez@example.com or phone 642-647-7738. History of hypertension and dyspnea on exertion. Hospital C record."
PAT-HOSPITAL_C-0066,66,M,121,77,164.5,90.7,1,131,0,0,"Patient David Taylor (MRN-100066, SSN 359-47-9220) admitted at City Health Medical Center in Chicago on 2026-01-17. Contact david.taylor@example.com or phone 241-493-7432. Asymptomatic routine checkup with elevated blood pressure. Hospital C record."
PAT-HOSPITAL_C-0067,41,M,161,103,208.0,96.1,2,192,0,0,"Patient Sarah Wilson (MRN-100067, SSN 608-76-7921) admitted at Presbyterian Hospital in New York on 2026-03-23. Contact sarah.wilson@example.com or phone 514-625-3471. History of hypertension and dyspnea on exertion. Hospital C record."
PAT-HOSPITAL_C-0068,40,M,137,108,240.3,135.2,0,140,0,1,"Patient Sarah Wilson (MRN-100068, SSN 889-78-3127) admitted at St. Jude Hospital in New York on 2026-01-26. Contact sarah.wilson@example.com or phone 298-864-1176. Reports tightness in chest and shortness of breath. Hospital C record."
PAT-HOSPITAL_C-0069,42,F,146,78,169.9,108.3,2,165,0,1,"Patient Emily Davis (MRN-100069, SSN 579-72-2835) admitted at Mercy General Hospital in Seattle on 2026-02-27. Contact emily.davis@example.com or phone 863-557-7867. Presents with atypical chest discomfort radiating to left arm. Hospital C record."
PAT-HOSPITAL_C-0070,46,F,119,99,250.1,154.7,1,90,1,0,"Patient Sarah Wilson (MRN-100070, SSN 714-32-8129) admitted at City Health Medical Center in New York on 2026-02-12. Contact sarah.wilson@example.com or phone 616-583-7639. Asymptomatic routine checkup with elevated blood pressure. Hospital C record."
PAT-HOSPITAL_C-0071,66,M,164,96,310.0,148.6,2,176,0,0,"Patient Robert Johnson (MRN-100071, SSN 147-27-1747) admitted at St. Jude Hospital in Atlanta on 2026-06-23. Contact robert.johnson@example.com or phone 773-840-4632. Presents with atypical chest discomfort radiating to left arm. Hospital C record."
PAT-HOSPITAL_C-0072,62,M,117,89,175.8,89.8,3,183,0,0,"Patient Michael Brown (MRN-100072, SSN 740-31-9880) admitted at St. Jude Hospital in Miami on 2026-07-11. Contact michael.brown@example.com or phone 973-882-7732. Presents with atypical chest discomfort radiating to left arm. Hospital C record."
PAT-HOSPITAL_C-0073,71,F,149,96,233.4,101.0,3,115,0,1,"Patient Emily Davis (MRN-100073, SSN 209-61-4414) admitted at Mercy General Hospital in Boston on 2026-01-14. Contact emily.davis@example.com or phone 896-819-1673. Presents with atypical chest discomfort radiating to left arm. Hospital C record."
PAT-HOSPITAL_C-0074,44,F,133,72,264.7,107.8,3,191,1,0,"Patient Robert Johnson (MRN-100074, SSN 769-17-8967) admitted at Presbyterian Hospital in San Francisco on 2026-08-12. Contact robert.johnson@example.com or phone 701-742-9930. Experiencing acute exertional angina and mild dizziness. Hospital C record."
PAT-HOSPITAL_C-0075,63,M,115,93,189.6,112.1,1,100,0,1,"Patient Robert Johnson (MRN-100075, SSN 161-89-6268) admitted at Presbyterian Hospital in Miami on 2026-02-18. Contact robert.johnson@example.com or phone 651-700-9962. Experiencing acute exertional angina and mild dizziness. Hospital C record."
PAT-HOSPITAL_C-0076,79,F,173,98,220.7,133.9,1,99,1,0,"Patient Alice Smith (MRN-100076, SSN 185-13-4501) admitted at St. Jude Hospital in Chicago on 2026-02-14. Contact alice.smith@example.com or phone 921-390-4320. Reports tightness in chest and shortness of breath. Hospital C record."
PAT-HOSPITAL_C-0077,49,M,120,91,251.4,140.9,1,136,0,0,"Patient Alice Smith (MRN-100077, SSN 135-55-8598) admitted at City Health Medical Center in Seattle on 2026-03-19. Contact alice.smith@example.com or phone 882-830-9308. History of hypertension and dyspnea on exertion. Hospital C record."
PAT-HOSPITAL_C-0078,67,F,162,81,285.6,107.4,3,112,1,1,"Patient Laura Martinez (MRN-100078, SSN 419-64-4044) admitted at City Health Medical Center in New York on 2026-08-11. Contact laura.martinez@example.com or phone 501-312-7055. Presents with atypical chest discomfort radiating to left arm. Hospital C record."
PAT-HOSPITAL_C-0079,71,M,179,102,197.0,152.2,1,173,0,0,"Patient Sarah Wilson (MRN-100079, SSN 587-18-9401) admitted at Presbyterian Hospital in New York on 2026-08-26. Contact sarah.wilson@example.com or phone 396-945-9674. Experiencing acute exertional angina and mild dizziness. Hospital C record."
PAT-HOSPITAL_C-0080,45,M,148,70,209.6,136.2,1,146,0,1,"Patient Emily Davis (MRN-100080, SSN 465-40-2355) admitted at City Health Medical Center in San Francisco on 2026-07-24. Contact emily.davis@example.com or phone 200-712-3845. Reports tightness in chest and shortness of breath. Hospital C record."
PAT-HOSPITAL_C-0081,42,M,158,94,197.8,123.8,1,178,0,1,"Patient Robert Johnson (MRN-100081, SSN 260-35-2826) admitted at St. Jude Hospital in Seattle on 2026-05-18. Contact robert.johnson@example.com or phone 467-452-9812. Reports tightness in chest and shortness of breath. Hospital C record."
PAT-HOSPITAL_C-0082,35,F,149,107,238.4,152.0,3,148,1,0,"Patient Laura Martinez (MRN-100082, SSN 913-79-9395) admitted at Presbyterian Hospital in Boston on 2026-03-10. Contact laura.martinez@example.com or phone 286-656-1412. Asymptomatic routine checkup with elevated blood pressure. Hospital C record."
PAT-HOSPITAL_C-0083,38,F,154,97,234.9,97.6,0,121,0,1,"Patient Sarah Wilson (MRN-100083, SSN 685-83-5005) admitted at Mercy General Hospital in Boston on 2026-06-25. Contact sarah.wilson@example.com or phone 340-427-2393. Asymptomatic routine checkup with elevated blood pressure. Hospital C record."
PAT-HOSPITAL_C-0084,40,F,167,90,296.5,111.8,0,131,1,1,"Patient Laura Martinez (MRN-100084, SSN 289-89-4079) admitted at Mercy General Hospital in Dallas on 2026-01-18. Contact laura.martinez@example.com or phone 658-819-4361. Asymptomatic routine checkup with elevated blood pressure. Hospital C record."
PAT-HOSPITAL_C-0085,55,M,154,89,274.0,115.6,1,162,0,0,"Patient John Doe (MRN-100085, SSN 107-59-1444) admitted at City Health Medical Center in Chicago on 2026-05-18. Contact john.doe@example.com or phone 989-805-1502. Reports tightness in chest and shortness of breath. Hospital C record."
PAT-HOSPITAL_C-0086,66,F,131,80,160.5,86.1,3,189,1,0,"Patient Emily Davis (MRN-100086, SSN 823-87-3778) admitted at City Health Medical Center in Boston on 2026-06-14. Contact emily.davis@example.com or phone 663-948-9590. Reports tightness in chest and shortness of breath. Hospital C record."
PAT-HOSPITAL_C-0087,53,M,115,79,204.5,85.5,2,93,1,0,"Patient Emily Davis (MRN-100087, SSN 725-19-4543) admitted at City Health Medical Center in Chicago on 2026-08-25. Contact emily.davis@example.com or phone 909-522-1001. Experiencing acute exertional angina and mild dizziness. Hospital C record."
PAT-HOSPITAL_C-0088,40,F,166,99,248.4,93.9,2,160,0,1,"Patient John Doe (MRN-100088, SSN 310-78-6297) admitted at City Health Medical Center in New York on 2026-01-18. Contact john.doe@example.com or phone 962-805-1151. Reports tightness in chest and shortness of breath. Hospital C record."
PAT-HOSPITAL_C-0089,62,M,177,101,163.1,83.9,0,92,0,0,"Patient Robert Johnson (MRN-100089, SSN 141-56-9358) admitted at St. Jude Hospital in Miami on 2026-01-27. Contact robert.johnson@example.com or phone 267-243-6165. Asymptomatic routine checkup with elevated blood pressure. Hospital C record."
PAT-HOSPITAL_C-0090,66,F,135,73,162.2,124.7,3,192,1,1,"Patient Sarah Wilson (MRN-100090, SSN 912-17-4531) admitted at St. Jude Hospital in Dallas on 2026-02-12. Contact sarah.wilson@example.com or phone 899-572-6538. Presents with atypical chest discomfort radiating to left arm. Hospital C record."
PAT-HOSPITAL_C-0091,42,F,153,92,174.0,108.1,2,159,0,0,"Patient Robert Johnson (MRN-100091, SSN 156-38-4909) admitted at Mercy General Hospital in Boston on 2026-02-14. Contact robert.johnson@example.com or phone 678-407-4780. Presents with atypical chest discomfort radiating to left arm. Hospital C record."
PAT-HOSPITAL_C-0092,65,M,174,73,237.0,133.0,2,93,1,1,"Patient John Doe (MRN-100092, SSN 641-90-3862) admitted at City Health Medical Center in Boston on 2026-06-22. Contact john.doe@example.com or phone 974-427-9025. Reports tightness in chest and shortness of breath. Hospital C record."
PAT-HOSPITAL_C-0093,68,M,163,71,249.1,137.7,0,153,0,1,"Patient David Taylor (MRN-100093, SSN 380-22-6780) admitted at Presbyterian Hospital in Miami on 2026-03-13. Contact david.taylor@example.com or phone 631-809-2962. Experiencing acute exertional angina and mild dizziness. Hospital C record."
PAT-HOSPITAL_C-0094,63,M,137,101,229.4,143.6,2,180,0,1,"Patient Michael Brown (MRN-100094, SSN 737-21-8328) admitted at Mercy General Hospital in Seattle on 2026-07-20. Contact michael.brown@example.com or phone 216-825-7417. Presents with atypical chest discomfort radiating to left arm. Hospital C record."
PAT-HOSPITAL_C-0095,36,M,161,70,211.5,114.8,0,189,0,1,"Patient Sarah Wilson (MRN-100095, SSN 485-65-4088) admitted at Presbyterian Hospital in New York on 2026-03-20. Contact sarah.wilson@example.com or phone 427-598-2026. Reports tightness in chest and shortness of breath. Hospital C record."
PAT-HOSPITAL_C-0096,70,M,169,82,154.4,124.9,0,139,0,0,"Patient John Doe (MRN-100096, SSN 183-65-6959) admitted at City Health Medical Center in Dallas on 2026-01-18. Contact john.doe@example.com or phone 840-578-5567. Reports tightness in chest and shortness of breath. Hospital C record."
PAT-HOSPITAL_C-0097,40,F,178,82,257.1,109.6,2,121,0,1,"Patient David Taylor (MRN-100097, SSN 660-31-6144) admitted at City Health Medical Center in Boston on 2026-05-14. Contact david.taylor@example.com or phone 327-540-5768. Reports tightness in chest and shortness of breath. Hospital C record."
PAT-HOSPITAL_C-0098,51,F,157,97,210.1,150.4,2,191,0,1,"Patient David Taylor (MRN-100098, SSN 212-42-2364) admitted at City Health Medical Center in Chicago on 2026-04-22. Contact david.taylor@example.com or phone 940-410-8261. Reports tightness in chest and shortness of breath. Hospital C record."
PAT-HOSPITAL_C-0099,60,F,176,80,318.4,111.3,2,165,0,1,"Patient Laura Martinez (MRN-100099, SSN 516-53-3446) admitted at Mercy General Hospital in Seattle on 2026-03-22. Contact laura.martinez@example.com or phone 651-390-9488. Experiencing acute exertional angina and mild dizziness. Hospital C record."
PAT-HOSPITAL_C-0100,77,F,165,71,295.7,114.1,1,128,0,1,"Patient Sarah Wilson (MRN-100100, SSN 692-61-6765) admitted at Presbyterian Hospital in Atlanta on 2026-03-27. Contact sarah.wilson@example.com or phone 557-615-9155. Asymptomatic routine checkup with elevated blood pressure. Hospital C record."
PAT-HOSPITAL_C-0101,77,M,131,70,183.4,152.0,3,140,1,1,"Patient David Taylor (MRN-100101, SSN 585-98-1830) admitted at Presbyterian Hospital in Boston on 2026-03-21. Contact david.taylor@example.com or phone 295-221-5033. Reports tightness in chest and shortness of breath. Hospital C record."
PAT-HOSPITAL_C-0102,35,F,114,103,285.7,112.7,0,170,0,0,"Patient John Doe (MRN-100102, SSN 603-10-8550) admitted at City Health Medical Center in Chicago on 2026-04-21. Contact john.doe@example.com or phone 987-727-6157. Reports tightness in chest and shortness of breath. Hospital C record."
PAT-HOSPITAL_C-0103,56,F,172,80,287.5,115.4,3,184,1,1,"Patient Michael Brown (MRN-100103, SSN 664-36-1723) admitted at St. Jude Hospital in Dallas on 2026-02-24. Contact michael.brown@example.com or phone 739-697-5047. Asymptomatic routine checkup with elevated blood pressure. Hospital C record."
PAT-HOSPITAL_C-0104,59,M,141,91,274.1,133.7,0,194,0,1,"Patient David Taylor (MRN-100104, SSN 607-85-6616) admitted at St. Jude Hospital in Dallas on 2026-07-16. Contact david.taylor@example.com or phone 855-364-7393. History of hypertension and dyspnea on exertion. Hospital C record."
PAT-HOSPITAL_C-0105,37,F,130,81,230.2,107.5,0,154,0,1,"Patient Laura Martinez (MRN-100105, SSN 530-63-9818) admitted at Mercy General Hospital in Atlanta on 2026-05-23. Contact laura.martinez@example.com or phone 397-421-8265. Reports tightness in chest and shortness of breath. Hospital C record."
PAT-HOSPITAL_C-0106,70,F,111,86,304.2,99.0,0,162,0,0,"Patient Emily Davis (MRN-100106, SSN 799-68-3362) admitted at St. Jude Hospital in Seattle on 2026-03-13. Contact emily.davis@example.com or phone 453-229-4256. Reports tightness in chest and shortness of breath. Hospital C record."
PAT-HOSPITAL_C-0107,37,M,164,76,192.5,144.1,3,95,0,0,"Patient Robert Johnson (MRN-100107, SSN 566-81-5218) admitted at St. Jude Hospital in New York on 2026-08-26. Contact robert.johnson@example.com or phone 982-577-7853. History of hypertension and dyspnea on exertion. Hospital C record."
PAT-HOSPITAL_C-0108,69,F,125,101,222.8,130.5,3,173,0,1,"Patient Laura Martinez (MRN-100108, SSN 203-70-6224) admitted at St. Jude Hospital in San Francisco on 2026-06-16. Contact laura.martinez@example.com or phone 794-816-1289. Asymptomatic routine checkup with elevated blood pressure. Hospital C record."
PAT-HOSPITAL_C-0109,45,F,134,88,310.1,118.9,1,155,0,0,"Patient Michael Brown (MRN-100109, SSN 188-62-5878) admitted at City Health Medical Center in Seattle on 2026-05-19. Contact michael.brown@example.com or phone 233-371-6371. Asymptomatic routine checkup with elevated blood pressure. Hospital C record."
PAT-HOSPITAL_C-0110,70,F,158,78,190.1,102.8,3,182,0,1,"Patient David Taylor (MRN-100110, SSN 458-81-4196) admitted at City Health Medical Center in Dallas on 2026-08-22. Contact david.taylor@example.com or phone 400-344-2982. Presents with atypical chest discomfort radiating to left arm. Hospital C record."
PAT-HOSPITAL_C-0111,77,F,136,102,260.8,80.7,0,96,0,0,"Patient Alice Smith (MRN-100111, SSN 502-76-6563) admitted at Presbyterian Hospital in Dallas on 2026-08-19. Contact alice.smith@example.com or phone 529-786-1137. Reports tightness in chest and shortness of breath. Hospital C record."
PAT-HOSPITAL_C-0112,65,F,141,106,292.8,95.9,2,96,0,1,"Patient Robert Johnson (MRN-100112, SSN 772-37-6814) admitted at Mercy General Hospital in New York on 2026-05-16. Contact robert.johnson@example.com or phone 844-510-2939. Presents with atypical chest discomfort radiating to left arm. Hospital C record."
PAT-HOSPITAL_C-0113,41,M,162,95,312.3,102.2,2,92,0,0,"Patient Michael Brown (MRN-100113, SSN 988-90-3928) admitted at City Health Medical Center in Atlanta on 2026-01-13. Contact michael.brown@example.com or phone 424-451-1320. Asymptomatic routine checkup with elevated blood pressure. Hospital C record."
PAT-HOSPITAL_C-0114,41,F,137,108,205.6,80.4,3,94,1,1,"Patient David Taylor (MRN-100114, SSN 249-71-9625) admitted at St. Jude Hospital in Boston on 2026-01-12. Contact david.taylor@example.com or phone 842-581-4754. Presents with atypical chest discomfort radiating to left arm. Hospital C record."
PAT-HOSPITAL_C-0115,44,F,171,100,155.6,151.4,2,143,0,0,"Patient Robert Johnson (MRN-100115, SSN 265-63-7286) admitted at Presbyterian Hospital in Miami on 2026-03-22. Contact robert.johnson@example.com or phone 709-833-1522. Presents with atypical chest discomfort radiating to left arm. Hospital C record."
PAT-HOSPITAL_C-0116,58,F,116,96,276.3,111.2,2,112,1,1,"Patient Robert Johnson (MRN-100116, SSN 411-52-4693) admitted at City Health Medical Center in Atlanta on 2026-04-11. Contact robert.johnson@example.com or phone 506-786-2633. Reports tightness in chest and shortness of breath. Hospital C record."
PAT-HOSPITAL_C-0117,45,M,110,107,312.3,133.3,3,156,1,1,"Patient Michael Brown (MRN-100117, SSN 181-89-4489) admitted at City Health Medical Center in Dallas on 2026-03-14. Contact michael.brown@example.com or phone 614-272-5908. Asymptomatic routine checkup with elevated blood pressure. Hospital C record."
PAT-HOSPITAL_C-0118,57,M,112,95,271.1,140.3,3,124,0,1,"Patient Laura Martinez (MRN-100118, SSN 383-14-4626) admitted at St. Jude Hospital in Dallas on 2026-07-10. Contact laura.martinez@example.com or phone 407-775-2009. Presents with atypical chest discomfort radiating to left arm. Hospital C record."
PAT-HOSPITAL_C-0119,73,M,147,92,259.5,116.4,3,130,1,0,"Patient David Taylor (MRN-100119, SSN 630-56-4881) admitted at City Health Medical Center in San Francisco on 2026-05-16. Contact david.taylor@example.com or phone 726-304-7157. Experiencing acute exertional angina and mild dizziness. Hospital C record."
PAT-HOSPITAL_C-0120,79,M,173,105,238.9,85.9,1,189,1,0,"Patient David Taylor (MRN-100120, SSN 428-20-9443) admitted at Mercy General Hospital in Dallas on 2026-02-14. Contact david.taylor@example.com or phone 778-686-7716. Reports tightness in chest and shortness of breath. Hospital C record."
PAT-HOSPITAL_C-0121,39,F,111,91,161.4,105.7,1,110,1,1,"Patient Sarah Wilson (MRN-100121, SSN 158-36-3245) admitted at Mercy General Hospital in San Francisco on 2026-06-27. Contact sarah.wilson@example.com or phone 979-354-2585. Presents with atypical chest discomfort radiating to left arm. Hospital C record."
PAT-HOSPITAL_C-0122,58,F,110,86,189.9,155.6,1,121,0,1,"Patient David Taylor (MRN-100122, SSN 675-94-5687) admitted at City Health Medical Center in Chicago on 2026-02-23. Contact david.taylor@example.com or phone 870-388-2313. Experiencing acute exertional angina and mild dizziness. Hospital C record."
PAT-HOSPITAL_C-0123,76,F,166,95,227.7,86.2,0,129,0,0,"Patient Sarah Wilson (MRN-100123, SSN 153-47-7833) admitted at Presbyterian Hospital in New York on 2026-08-21. Contact sarah.wilson@example.com or phone 609-398-2298. History of hypertension and dyspnea on exertion. Hospital C record."
PAT-HOSPITAL_C-0124,51,M,129,96,210.4,82.6,0,151,0,1,"Patient Robert Johnson (MRN-100124, SSN 373-49-7912) admitted at St. Jude Hospital in Boston on 2026-02-27. Contact robert.johnson@example.com or phone 385-524-6797. Asymptomatic routine checkup with elevated blood pressure. Hospital C record."
PAT-HOSPITAL_C-0125,66,F,119,99,264.2,139.1,0,92,0,0,"Patient Sarah Wilson (MRN-100125, SSN 858-83-7277) admitted at Presbyterian Hospital in Atlanta on 2026-03-20. Contact sarah.wilson@example.com or phone 400-551-6349. Reports tightness in chest and shortness of breath. Hospital C record."
PAT-HOSPITAL_C-0126,53,M,179,94,236.5,83.6,2,91,0,0,"Patient Laura Martinez (MRN-100126, SSN 314-78-9015) admitted at St. Jude Hospital in Miami on 2026-07-19. Contact laura.martinez@example.com or phone 639-586-6724. History of hypertension and dyspnea on exertion. Hospital C record."
PAT-HOSPITAL_C-0127,46,M,137,90,280.7,145.3,0,90,0,0,"Patient John Doe (MRN-100127, SSN 629-30-6128) admitted at Mercy General Hospital in Seattle on 2026-06-23. Contact john.doe@example.com or phone 894-526-5109. Experiencing acute exertional angina and mild dizziness. Hospital C record."
PAT-HOSPITAL_C-0128,35,M,175,88,279.5,100.9,0,135,0,1,"Patient David Taylor (MRN-100128, SSN 446-52-4917) admitted at Presbyterian Hospital in Seattle on 2026-07-25. Contact david.taylor@example.com or phone 318-890-2482. Reports tightness in chest and shortness of breath. Hospital C record."
PAT-HOSPITAL_C-0129,65,M,118,104,157.0,151.1,3,105,0,0,"Patient John Doe (MRN-100129, SSN 131-45-5307) admitted at St. Jude Hospital in Boston on 2026-05-15. Contact john.doe@example.com or phone 643-430-2127. Presents with atypical chest discomfort radiating to left arm. Hospital C record."
PAT-HOSPITAL_C-0130,61,F,166,98,299.0,81.6,2,144,0,1,"Patient Emily Davis (MRN-100130, SSN 819-11-5673) admitted at City Health Medical Center in Seattle on 2026-05-16. Contact emily.davis@example.com or phone 365-583-9738. Presents with atypical chest discomfort radiating to left arm. Hospital C record."
PAT-HOSPITAL_C-0131,50,M,147,107,202.4,102.8,0,179,0,0,"Patient Michael Brown (MRN-100131, SSN 962-91-9304) admitted at St. Jude Hospital in New York on 2026-02-10. Contact michael.brown@example.com or phone 664-525-3357. Reports tightness in chest and shortness of breath. Hospital C record."
PAT-HOSPITAL_C-0132,53,M,122,87,159.8,149.1,0,163,0,1,"Patient John Doe (MRN-100132, SSN 837-92-7156) admitted at St. Jude Hospital in San Francisco on 2026-01-18. Contact john.doe@example.com or phone 511-223-3405. Reports tightness in chest and shortness of breath. Hospital C record."
PAT-HOSPITAL_C-0133,52,M,171,99,233.7,105.0,1,99,0,0,"Patient Sarah Wilson (MRN-100133, SSN 774-77-4027) admitted at City Health Medical Center in Seattle on 2026-04-19. Contact sarah.wilson@example.com or phone 986-378-6871. History of hypertension and dyspnea on exertion. Hospital C record."
PAT-HOSPITAL_C-0134,62,F,156,70,309.6,156.3,2,119,0,0,"Patient Sarah Wilson (MRN-100134, SSN 536-52-1949) admitted at Mercy General Hospital in New York on 2026-05-20. Contact sarah.wilson@example.com or phone 816-895-1222. Reports tightness in chest and shortness of breath. Hospital C record."
PAT-HOSPITAL_C-0135,52,F,179,86,203.5,80.9,0,142,0,1,"Patient Alice Smith (MRN-100135, SSN 530-12-3032) admitted at Mercy General Hospital in San Francisco on 2026-06-14. Contact alice.smith@example.com or phone 915-203-3927. Experiencing acute exertional angina and mild dizziness. Hospital C record."
PAT-HOSPITAL_C-0136,65,F,141,93,245.6,84.4,2,90,0,1,"Patient Sarah Wilson (MRN-100136, SSN 216-40-1093) admitted at Mercy General Hospital in Dallas on 2026-04-23. Contact sarah.wilson@example.com or phone 420-770-3668. Presents with atypical chest discomfort radiating to left arm. Hospital C record."
PAT-HOSPITAL_C-0137,52,M,160,80,242.7,104.0,2,192,0,1,"Patient Michael Brown (MRN-100137, SSN 721-23-5967) admitted at St. Jude Hospital in Dallas on 2026-02-18. Contact michael.brown@example.com or phone 867-796-2327. Experiencing acute exertional angina and mild dizziness. Hospital C record."
PAT-HOSPITAL_C-0138,68,F,163,105,233.7,86.2,1,143,1,0,"Patient Sarah Wilson (MRN-100138, SSN 122-16-5992) admitted at St. Jude Hospital in Atlanta on 2026-05-12. Contact sarah.wilson@example.com or phone 960-228-3665. Reports tightness in chest and shortness of breath. Hospital C record."
PAT-HOSPITAL_C-0139,68,M,128,92,299.3,97.8,0,111,1,1,"Patient David Taylor (MRN-100139, SSN 660-49-6307) admitted at St. Jude Hospital in Miami on 2026-02-27. Contact david.taylor@example.com or phone 418-313-8267. Asymptomatic routine checkup with elevated blood pressure. Hospital C record."
PAT-HOSPITAL_C-0140,55,F,165,79,191.0,112.0,2,112,1,1,"Patient David Taylor (MRN-100140, SSN 205-83-3121) admitted at Presbyterian Hospital in New York on 2026-01-26. Contact david.taylor@example.com or phone 899-267-5674. Experiencing acute exertional angina and mild dizziness. Hospital C record."
PAT-HOSPITAL_C-0141,62,F,132,106,203.8,111.1,1,140,0,0,"Patient Michael Brown (MRN-100141, SSN 152-12-6346) admitted at City Health Medical Center in Chicago on 2026-07-10. Contact michael.brown@example.com or phone 451-219-2679. History of hypertension and dyspnea on exertion. Hospital C record."
PAT-HOSPITAL_C-0142,74,M,144,82,176.2,153.2,3,149,0,0,"Patient David Taylor (MRN-100142, SSN 979-46-3475) admitted at Mercy General Hospital in Seattle on 2026-08-19. Contact david.taylor@example.com or phone 599-708-5516. Presents with atypical chest discomfort radiating to left arm. Hospital C record."
PAT-HOSPITAL_C-0143,36,F,164,84,266.2,145.5,2,111,0,0,"Patient David Taylor (MRN-100143, SSN 720-40-8798) admitted at Mercy General Hospital in Miami on 2026-01-23. Contact david.taylor@example.com or phone 616-347-3201. History of hypertension and dyspnea on exertion. Hospital C record."
PAT-HOSPITAL_C-0144,53,M,112,82,194.1,94.4,3,189,0,0,"Patient John Doe (MRN-100144, SSN 793-61-5571) admitted at Presbyterian Hospital in Atlanta on 2026-07-15. Contact john.doe@example.com or phone 658-509-1922. Experiencing acute exertional angina and mild dizziness. Hospital C record."
PAT-HOSPITAL_C-0145,51,F,115,91,243.1,150.1,2,105,0,0,"Patient Laura Martinez (MRN-100145, SSN 605-20-9876) admitted at Mercy General Hospital in Miami on 2026-04-13. Contact laura.martinez@example.com or phone 703-404-1930. Experiencing acute exertional angina and mild dizziness. Hospital C record."
PAT-HOSPITAL_C-0146,59,F,115,98,318.3,82.9,1,179,0,0,"Patient John Doe (MRN-100146, SSN 226-69-5045) admitted at City Health Medical Center in New York on 2026-06-12. Contact john.doe@example.com or phone 385-887-7705. Asymptomatic routine checkup with elevated blood pressure. Hospital C record."
PAT-HOSPITAL_C-0147,58,M,135,80,287.7,84.6,2,96,1,0,"Patient David Taylor (MRN-100147, SSN 995-64-3664) admitted at St. Jude Hospital in Chicago on 2026-05-18. Contact david.taylor@example.com or phone 988-207-7596. Experiencing acute exertional angina and mild dizziness. Hospital C record."
PAT-HOSPITAL_C-0148,59,F,150,88,179.5,103.1,3,152,0,0,"Patient Laura Martinez (MRN-100148, SSN 380-69-1342) admitted at Mercy General Hospital in New York on 2026-01-16. Contact laura.martinez@example.com or phone 578-309-4207. Reports tightness in chest and shortness of breath. Hospital C record."
PAT-HOSPITAL_C-0149,46,M,170,78,264.0,146.9,1,153,0,0,"Patient Laura Martinez (MRN-100149, SSN 299-48-2688) admitted at Presbyterian Hospital in Dallas on 2026-08-16. Contact laura.martinez@example.com or phone 227-291-5711. Experiencing acute exertional angina and mild dizziness. Hospital C record."
PAT-HOSPITAL_C-0150,59,M,151,94,176.1,158.2,1,193,0,1,"Patient Emily Davis (MRN-100150, SSN 557-23-7658) admitted at City Health Medical Center in Miami on 2026-03-15. Contact emily.davis@example.com or phone 447-903-3225. History of hypertension and dyspnea on exertion. Hospital C record."
PAT-HOSPITAL_C-0151,67,M,176,82,243.7,114.0,1,174,1,0,"Patient Alice Smith (MRN-100151, SSN 799-21-8672) admitted at St. Jude Hospital in Dallas on 2026-02-22. Contact alice.smith@example.com or phone 992-360-4208. Reports tightness in chest and shortness of breath. Hospital C record."
PAT-HOSPITAL_C-0152,50,F,163,99,240.8,117.1,3,186,1,1,"Patient John Doe (MRN-100152, SSN 114-61-3716) admitted at Mercy General Hospital in Boston on 2026-03-14. Contact john.doe@example.com or phone 615-638-6144. Presents with atypical chest discomfort radiating to left arm. Hospital C record."
PAT-HOSPITAL_C-0153,44,M,177,103,308.4,80.1,1,193,0,0,"Patient Sarah Wilson (MRN-100153, SSN 628-30-5343) admitted at Mercy General Hospital in Seattle on 2026-05-27. Contact sarah.wilson@example.com or phone 259-253-1764. Presents with atypical chest discomfort radiating to left arm. Hospital C record."
PAT-HOSPITAL_C-0154,55,F,177,104,205.8,107.5,1,188,0,0,"Patient Alice Smith (MRN-100154, SSN 751-25-1097) admitted at Presbyterian Hospital in Miami on 2026-02-17. Contact alice.smith@example.com or phone 269-205-9916. Asymptomatic routine checkup with elevated blood pressure. Hospital C record."
PAT-HOSPITAL_C-0155,51,F,116,85,187.6,152.6,2,151,0,0,"Patient Robert Johnson (MRN-100155, SSN 361-90-5829) admitted at City Health Medical Center in Chicago on 2026-06-21. Contact robert.johnson@example.com or phone 822-781-5176. Asymptomatic routine checkup with elevated blood pressure. Hospital C record."
PAT-HOSPITAL_C-0156,43,F,124,105,256.2,132.9,1,119,1,1,"Patient Laura Martinez (MRN-100156, SSN 932-90-9376) admitted at Presbyterian Hospital in Boston on 2026-02-16. Contact laura.martinez@example.com or phone 683-669-5526. History of hypertension and dyspnea on exertion. Hospital C record."
PAT-HOSPITAL_C-0157,73,M,143,82,310.6,116.6,3,149,0,0,"Patient Michael Brown (MRN-100157, SSN 929-64-3962) admitted at St. Jude Hospital in Boston on 2026-04-18. Contact michael.brown@example.com or phone 736-816-1032. Asymptomatic routine checkup with elevated blood pressure. Hospital C record."
PAT-HOSPITAL_C-0158,39,M,175,107,186.7,131.8,3,150,0,1,"Patient Emily Davis (MRN-100158, SSN 643-19-4994) admitted at City Health Medical Center in San Francisco on 2026-08-11. Contact emily.davis@example.com or phone 406-742-9488. Presents with atypical chest discomfort radiating to left arm. Hospital C record."
PAT-HOSPITAL_C-0159,62,M,156,98,235.2,106.6,0,151,0,0,"Patient Laura Martinez (MRN-100159, SSN 990-77-7590) admitted at City Health Medical Center in Miami on 2026-08-21. Contact laura.martinez@example.com or phone 279-906-5369. Experiencing acute exertional angina and mild dizziness. Hospital C record."
PAT-HOSPITAL_C-0160,74,M,130,107,209.4,150.9,1,125,0,0,"Patient Sarah Wilson (MRN-100160, SSN 340-55-1085) admitted at Presbyterian Hospital in San Francisco on 2026-04-10. Contact sarah.wilson@example.com or phone 897-532-7553. History of hypertension and dyspnea on exertion. Hospital C record."
PAT-HOSPITAL_C-0161,74,M,177,82,185.5,89.6,1,125,0,0,"Patient Emily Davis (MRN-100161, SSN 383-67-7174) admitted at Mercy General Hospital in Boston on 2026-08-12. Contact emily.davis@example.com or phone 877-588-8756. Reports tightness in chest and shortness of breath. Hospital C record."
PAT-HOSPITAL_C-0162,69,M,134,73,286.9,124.6,3,160,1,0,"Patient Michael Brown (MRN-100162, SSN 694-41-7693) admitted at St. Jude Hospital in Miami on 2026-04-11. Contact michael.brown@example.com or phone 466-593-5025. History of hypertension and dyspnea on exertion. Hospital C record."
PAT-HOSPITAL_C-0163,46,F,159,81,189.8,159.0,3,92,1,0,"Patient Laura Martinez (MRN-100163, SSN 135-84-3725) admitted at City Health Medical Center in San Francisco on 2026-03-16. Contact laura.martinez@example.com or phone 643-722-3408. Experiencing acute exertional angina and mild dizziness. Hospital C record."
PAT-HOSPITAL_C-0164,40,F,126,102,228.9,133.9,2,132,0,0,"Patient Emily Davis (MRN-100164, SSN 302-59-9593) admitted at Mercy General Hospital in Boston on 2026-07-18. Contact emily.davis@example.com or phone 281-923-3264. Experiencing acute exertional angina and mild dizziness. Hospital C record."
PAT-HOSPITAL_C-0165,42,F,174,101,267.3,136.7,0,128,0,0,"Patient David Taylor (MRN-100165, SSN 704-66-7843) admitted at St. Jude Hospital in Seattle on 2026-04-21. Contact david.taylor@example.com or phone 432-821-6621. Presents with atypical chest discomfort radiating to left arm. Hospital C record."
PAT-HOSPITAL_C-0166,57,M,124,82,295.6,138.4,1,172,1,1,"Patient Laura Martinez (MRN-100166, SSN 137-78-4635) admitted at St. Jude Hospital in New York on 2026-05-13. Contact laura.martinez@example.com or phone 399-794-5428. History of hypertension and dyspnea on exertion. Hospital C record."
PAT-HOSPITAL_C-0167,61,M,144,84,171.6,96.1,2,118,1,0,"Patient Alice Smith (MRN-100167, SSN 352-45-2076) admitted at St. Jude Hospital in Dallas on 2026-08-24. Contact alice.smith@example.com or phone 690-614-5568. Asymptomatic routine checkup with elevated blood pressure. Hospital C record."
PAT-HOSPITAL_C-0168,50,M,162,84,197.0,129.0,2,104,0,1,"Patient Sarah Wilson (MRN-100168, SSN 173-78-2074) admitted at Presbyterian Hospital in Dallas on 2026-04-25. Contact sarah.wilson@example.com or phone 903-992-8601. Asymptomatic routine checkup with elevated blood pressure. Hospital C record."
PAT-HOSPITAL_C-0169,59,F,157,87,272.0,101.9,3,91,0,0,"Patient David Taylor (MRN-100169, SSN 507-70-6071) admitted at Mercy General Hospital in Miami on 2026-06-21. Contact david.taylor@example.com or phone 530-394-5869. Asymptomatic routine checkup with elevated blood pressure. Hospital C record."
PAT-HOSPITAL_C-0170,75,M,142,96,184.7,131.6,0,102,0,1,"Patient Sarah Wilson (MRN-100170, SSN 290-28-6745) admitted at Presbyterian Hospital in Boston on 2026-03-13. Contact sarah.wilson@example.com or phone 763-579-8220. Presents with atypical chest discomfort radiating to left arm. Hospital C record."
PAT-HOSPITAL_C-0171,56,M,151,99,253.9,133.5,2,158,0,1,"Patient Sarah Wilson (MRN-100171, SSN 213-28-4128) admitted at St. Jude Hospital in Dallas on 2026-02-20. Contact sarah.wilson@example.com or phone 375-600-9777. Asymptomatic routine checkup with elevated blood pressure. Hospital C record."
PAT-HOSPITAL_C-0172,52,F,129,81,288.9,110.6,1,135,1,0,"Patient Laura Martinez (MRN-100172, SSN 608-28-3649) admitted at St. Jude Hospital in Seattle on 2026-03-26. Contact laura.martinez@example.com or phone 320-853-5833. History of hypertension and dyspnea on exertion. Hospital C record."
PAT-HOSPITAL_C-0173,78,F,148,78,311.4,84.0,1,141,0,0,"Patient John Doe (MRN-100173, SSN 974-76-6853) admitted at Presbyterian Hospital in San Francisco on 2026-04-24. Contact john.doe@example.com or phone 805-492-6100. Reports tightness in chest and shortness of breath. Hospital C record."
PAT-HOSPITAL_C-0174,44,F,160,84,154.6,116.3,1,90,0,1,"Patient David Taylor (MRN-100174, SSN 628-68-1732) admitted at Mercy General Hospital in Dallas on 2026-08-24. Contact david.taylor@example.com or phone 838-309-6321. Experiencing acute exertional angina and mild dizziness. Hospital C record."
PAT-HOSPITAL_C-0175,61,F,110,92,261.0,159.7,3,177,0,0,"Patient Laura Martinez (MRN-100175, SSN 566-86-6752) admitted at St. Jude Hospital in Dallas on 2026-04-23. Contact laura.martinez@example.com or phone 934-633-1393. Experiencing acute exertional angina and mild dizziness. Hospital C record."
PAT-HOSPITAL_C-0176,42,M,141,101,272.0,100.3,2,105,0,1,"Patient Sarah Wilson (MRN-100176, SSN 239-13-7934) admitted at Mercy General Hospital in Atlanta on 2026-01-26. Contact sarah.wilson@example.com or phone 864-760-7707. Reports tightness in chest and shortness of breath. Hospital C record."
PAT-HOSPITAL_C-0177,56,F,176,72,272.0,153.8,1,92,0,0,"Patient Alice Smith (MRN-100177, SSN 299-18-9837) admitted at St. Jude Hospital in Seattle on 2026-08-13. Contact alice.smith@example.com or phone 698-357-7993. Experiencing acute exertional angina and mild dizziness. Hospital C record."
PAT-HOSPITAL_C-0178,47,F,179,90,202.3,149.2,0,131,1,0,"Patient Michael Brown (MRN-100178, SSN 522-78-8590) admitted at Presbyterian Hospital in San Francisco on 2026-02-21. Contact michael.brown@example.com or phone 725-220-4918. Asymptomatic routine checkup with elevated blood pressure. Hospital C record."
PAT-HOSPITAL_C-0179,77,F,138,100,234.4,140.6,3,128,0,0,"Patient Sarah Wilson (MRN-100179, SSN 124-73-7252) admitted at Mercy General Hospital in New York on 2026-08-27. Contact sarah.wilson@example.com or phone 737-321-6826. Presents with atypical chest discomfort radiating to left arm. Hospital C record."
PAT-HOSPITAL_C-0180,69,M,154,104,228.2,123.8,2,154,0,0,"Patient Michael Brown (MRN-100180, SSN 980-20-9231) admitted at Presbyterian Hospital in Chicago on 2026-05-22. Contact michael.brown@example.com or phone 810-361-3570. Presents with atypical chest discomfort radiating to left arm. Hospital C record."
PAT-HOSPITAL_C-0181,75,M,154,79,309.6,147.6,0,152,1,0,"Patient Emily Davis (MRN-100181, SSN 236-64-6020) admitted at Mercy General Hospital in Seattle on 2026-04-24. Contact emily.davis@example.com or phone 548-230-1282. History of hypertension and dyspnea on exertion. Hospital C record."
PAT-HOSPITAL_C-0182,45,F,157,77,235.4,146.7,3,154,1,0,"Patient Emily Davis (MRN-100182, SSN 777-21-8583) admitted at Mercy General Hospital in Seattle on 2026-04-19. Contact emily.davis@example.com or phone 418-621-3210. Experiencing acute exertional angina and mild dizziness. Hospital C record."
PAT-HOSPITAL_C-0183,63,F,121,75,245.5,87.6,2,175,1,1,"Patient Michael Brown (MRN-100183, SSN 757-95-4218) admitted at City Health Medical Center in Boston on 2026-05-21. Contact michael.brown@example.com or phone 469-639-7590. History of hypertension and dyspnea on exertion. Hospital C record."
PAT-HOSPITAL_C-0184,35,M,113,72,186.2,123.5,0,131,1,0,"Patient Sarah Wilson (MRN-100184, SSN 685-37-2631) admitted at St. Jude Hospital in Miami on 2026-03-16. Contact sarah.wilson@example.com or phone 550-592-3448. Experiencing acute exertional angina and mild dizziness. Hospital C record."
PAT-HOSPITAL_C-0185,64,F,116,78,282.1,88.1,0,161,1,0,"Patient Sarah Wilson (MRN-100185, SSN 835-57-1583) admitted at Presbyterian Hospital in Boston on 2026-06-19. Contact sarah.wilson@example.com or phone 434-323-6344. Reports tightness in chest and shortness of breath. Hospital C record."
PAT-HOSPITAL_C-0186,35,F,130,96,296.8,95.6,3,165,0,1,"Patient Michael Brown (MRN-100186, SSN 121-91-1474) admitted at Mercy General Hospital in Atlanta on 2026-06-21. Contact michael.brown@example.com or phone 271-442-7179. Experiencing acute exertional angina and mild dizziness. Hospital C record."
PAT-HOSPITAL_C-0187,77,M,168,100,196.3,114.0,0,186,0,1,"Patient Robert Johnson (MRN-100187, SSN 703-67-9427) admitted at Mercy General Hospital in Dallas on 2026-06-27. Contact robert.johnson@example.com or phone 426-237-3185. History of hypertension and dyspnea on exertion. Hospital C record."
PAT-HOSPITAL_C-0188,52,M,118,74,224.6,142.3,0,138,1,1,"Patient Alice Smith (MRN-100188, SSN 536-21-6105) admitted at Presbyterian Hospital in Miami on 2026-08-13. Contact alice.smith@example.com or phone 759-525-6428. Asymptomatic routine checkup with elevated blood pressure. Hospital C record."
PAT-HOSPITAL_C-0189,37,F,149,98,242.8,128.1,3,141,1,1,"Patient Robert Johnson (MRN-100189, SSN 542-32-9097) admitted at City Health Medical Center in San Francisco on 2026-06-21. Contact robert.johnson@example.com or phone 678-518-5361. Reports tightness in chest and shortness of breath. Hospital C record."
PAT-HOSPITAL_C-0190,76,M,152,103,207.5,157.7,0,142,1,1,"Patient Robert Johnson (MRN-100190, SSN 275-86-1846) admitted at St. Jude Hospital in San Francisco on 2026-06-14. Contact robert.johnson@example.com or phone 997-331-6716. Experiencing acute exertional angina and mild dizziness. Hospital C record."
PAT-HOSPITAL_C-0191,41,F,154,109,290.6,132.2,0,149,0,0,"Patient David Taylor (MRN-100191, SSN 844-51-6063) admitted at Presbyterian Hospital in Miami on 2026-02-27. Contact david.taylor@example.com or phone 436-262-8739. Experiencing acute exertional angina and mild dizziness. Hospital C record."
PAT-HOSPITAL_C-0192,70,F,171,108,224.9,106.4,1,147,0,0,"Patient David Taylor (MRN-100192, SSN 347-38-5254) admitted at City Health Medical Center in Seattle on 2026-03-22. Contact david.taylor@example.com or phone 769-932-7955. History of hypertension and dyspnea on exertion. Hospital C record."
PAT-HOSPITAL_C-0193,41,M,165,72,170.8,126.3,2,104,1,1,"Patient Sarah Wilson (MRN-100193, SSN 558-18-8920) admitted at St. Jude Hospital in Miami on 2026-05-25. Contact sarah.wilson@example.com or phone 663-372-5710. Asymptomatic routine checkup with elevated blood pressure. Hospital C record."
PAT-HOSPITAL_C-0194,62,M,127,87,290.8,109.7,0,99,0,1,"Patient John Doe (MRN-100194, SSN 944-59-2396) admitted at Presbyterian Hospital in Seattle on 2026-05-10. Contact john.doe@example.com or phone 645-912-9313. Experiencing acute exertional angina and mild dizziness. Hospital C record."
PAT-HOSPITAL_C-0195,65,F,164,106,317.1,134.1,0,99,0,0,"Patient John Doe (MRN-100195, SSN 846-66-4811) admitted at Mercy General Hospital in Atlanta on 2026-02-22. Contact john.doe@example.com or phone 303-418-2659. History of hypertension and dyspnea on exertion. Hospital C record."
PAT-HOSPITAL_C-0196,50,F,122,73,228.5,157.9,2,138,0,0,"Patient Emily Davis (MRN-100196, SSN 655-67-1114) admitted at City Health Medical Center in Atlanta on 2026-07-27. Contact emily.davis@example.com or phone 443-996-5286. Asymptomatic routine checkup with elevated blood pressure. Hospital C record."
PAT-HOSPITAL_C-0197,38,M,135,98,241.5,100.3,2,119,0,0,"Patient John Doe (MRN-100197, SSN 331-70-4031) admitted at City Health Medical Center in Boston on 2026-05-18. Contact john.doe@example.com or phone 890-517-7067. Experiencing acute exertional angina and mild dizziness. Hospital C record."
PAT-HOSPITAL_C-0198,66,M,143,101,302.2,82.8,1,157,1,1,"Patient David Taylor (MRN-100198, SSN 470-24-5661) admitted at Mercy General Hospital in Atlanta on 2026-06-18. Contact david.taylor@example.com or phone 442-565-8056. Reports tightness in chest and shortness of breath. Hospital C record."
PAT-HOSPITAL_C-0199,48,M,173,97,300.3,133.3,1,150,0,0,"Patient Michael Brown (MRN-100199, SSN 865-80-2070) admitted at Presbyterian Hospital in Atlanta on 2026-08-21. Contact michael.brown@example.com or phone 701-878-1216. Presents with atypical chest discomfort radiating to left arm. Hospital C record."
PAT-HOSPITAL_C-0200,66,M,124,78,309.6,112.9,0,134,0,0,"Patient Laura Martinez (MRN-100200, SSN 549-68-3093) admitted at St. Jude Hospital in New York on 2026-05-10. Contact laura.martinez@example.com or phone 307-951-1497. Presents with atypical chest discomfort radiating to left arm. Hospital C record."
PAT-HOSPITAL_C-0201,36,M,117,106,254.2,142.3,0,142,0,0,"Patient Sarah Wilson (MRN-100201, SSN 139-55-7733) admitted at Presbyterian Hospital in Miami on 2026-03-12. Contact sarah.wilson@example.com or phone 672-942-6026. Reports tightness in chest and shortness of breath. Hospital C record."
PAT-HOSPITAL_C-0202,35,M,134,75,286.0,138.7,3,147,0,0,"Patient David Taylor (MRN-100202, SSN 602-76-8724) admitted at St. Jude Hospital in Atlanta on 2026-04-19. Contact david.taylor@example.com or phone 987-981-3608. Presents with atypical chest discomfort radiating to left arm. Hospital C record."
PAT-HOSPITAL_C-0203,78,F,177,94,291.5,93.7,0,122,0,0,"Patient John Doe (MRN-100203, SSN 100-30-9478) admitted at Mercy General Hospital in Seattle on 2026-05-12. Contact john.doe@example.com or phone 580-343-1847. Asymptomatic routine checkup with elevated blood pressure. Hospital C record."
PAT-HOSPITAL_C-0204,54,F,155,108,290.4,84.0,2,115,0,0,"Patient Sarah Wilson (MRN-100204, SSN 116-32-5934) admitted at City Health Medical Center in Seattle on 2026-04-27. Contact sarah.wilson@example.com or phone 218-274-3410. Reports tightness in chest and shortness of breath. Hospital C record."
PAT-HOSPITAL_C-0205,47,F,135,75,209.5,122.8,2,108,1,1,"Patient Michael Brown (MRN-100205, SSN 703-18-9824) admitted at St. Jude Hospital in Atlanta on 2026-02-11. Contact michael.brown@example.com or phone 842-457-3432. History of hypertension and dyspnea on exertion. Hospital C record."
PAT-HOSPITAL_C-0206,62,M,129,77,185.2,125.9,0,179,1,0,"Patient Robert Johnson (MRN-100206, SSN 446-90-7630) admitted at Presbyterian Hospital in Dallas on 2026-08-10. Contact robert.johnson@example.com or phone 988-914-3652. Asymptomatic routine checkup with elevated blood pressure. Hospital C record."
PAT-HOSPITAL_C-0207,47,M,163,99,294.9,111.5,0,140,0,0,"Patient Laura Martinez (MRN-100207, SSN 742-45-3196) admitted at City Health Medical Center in Dallas on 2026-02-13. Contact laura.martinez@example.com or phone 238-715-8597. History of hypertension and dyspnea on exertion. Hospital C record."
PAT-HOSPITAL_C-0208,70,F,145,100,288.3,127.8,2,96,0,1,"Patient David Taylor (MRN-100208, SSN 418-94-7444) admitted at Presbyterian Hospital in Atlanta on 2026-05-18. Contact david.taylor@example.com or phone 713-344-7516. Asymptomatic routine checkup with elevated blood pressure. Hospital C record."
PAT-HOSPITAL_C-0209,63,M,179,75,270.8,155.9,3,150,1,1,"Patient John Doe (MRN-100209, SSN 841-42-9239) admitted at St. Jude Hospital in Atlanta on 2026-02-14. Contact john.doe@example.com or phone 486-808-4874. History of hypertension and dyspnea on exertion. Hospital C record."
PAT-HOSPITAL_C-0210,41,F,151,98,172.5,149.9,3,91,1,0,"Patient Emily Davis (MRN-100210, SSN 192-26-5493) admitted at Mercy General Hospital in Miami on 2026-07-10. Contact emily.davis@example.com or phone 293-501-6391. Experiencing acute exertional angina and mild dizziness. Hospital C record."
PAT-HOSPITAL_C-0211,53,F,127,102,192.7,154.0,3,113,0,0,"Patient Laura Martinez (MRN-100211, SSN 462-68-9106) admitted at St. Jude Hospital in Atlanta on 2026-02-12. Contact laura.martinez@example.com or phone 874-221-1534. Presents with atypical chest discomfort radiating to left arm. Hospital C record."
PAT-HOSPITAL_C-0212,65,M,177,107,242.5,145.0,3,155,0,0,"Patient Robert Johnson (MRN-100212, SSN 772-10-7476) admitted at St. Jude Hospital in Miami on 2026-02-16. Contact robert.johnson@example.com or phone 908-248-1747. History of hypertension and dyspnea on exertion. Hospital C record."
PAT-HOSPITAL_C-0213,75,F,140,88,156.6,122.9,1,137,1,1,"Patient Laura Martinez (MRN-100213, SSN 817-62-6376) admitted at Presbyterian Hospital in Miami on 2026-03-24. Contact laura.martinez@example.com or phone 286-422-6326. Experiencing acute exertional angina and mild dizziness. Hospital C record."
PAT-HOSPITAL_C-0214,70,M,134,103,252.7,140.4,0,150,1,0,"Patient Michael Brown (MRN-100214, SSN 779-41-7048) admitted at Mercy General Hospital in Chicago on 2026-05-21. Contact michael.brown@example.com or phone 309-861-9084. History of hypertension and dyspnea on exertion. Hospital C record."
PAT-HOSPITAL_C-0215,39,M,124,84,249.3,148.0,2,119,0,0,"Patient Laura Martinez (MRN-100215, SSN 300-44-5870) admitted at Presbyterian Hospital in Chicago on 2026-03-24. Contact laura.martinez@example.com or phone 487-472-8882. Presents with atypical chest discomfort radiating to left arm. Hospital C record."
PAT-HOSPITAL_C-0216,64,F,133,88,222.8,146.6,2,127,1,0,"Patient David Taylor (MRN-100216, SSN 503-16-2311) admitted at City Health Medical Center in Chicago on 2026-03-13. Contact david.taylor@example.com or phone 542-918-1881. Asymptomatic routine checkup with elevated blood pressure. Hospital C record."
PAT-HOSPITAL_C-0217,61,M,110,104,176.5,158.3,2,90,0,1,"Patient Robert Johnson (MRN-100217, SSN 124-16-4902) admitted at Mercy General Hospital in New York on 2026-03-25. Contact robert.johnson@example.com or phone 280-316-3571. Asymptomatic routine checkup with elevated blood pressure. Hospital C record."
PAT-HOSPITAL_C-0218,53,F,141,91,202.0,100.5,1,175,0,0,"Patient Sarah Wilson (MRN-100218, SSN 785-93-9623) admitted at Mercy General Hospital in Chicago on 2026-03-10. Contact sarah.wilson@example.com or phone 664-972-5007. Reports tightness in chest and shortness of breath. Hospital C record."
PAT-HOSPITAL_C-0219,43,M,130,82,153.0,87.2,3,157,1,1,"Patient Michael Brown (MRN-100219, SSN 385-49-8022) admitted at St. Jude Hospital in Chicago on 2026-08-24. Contact michael.brown@example.com or phone 359-449-2503. Asymptomatic routine checkup with elevated blood pressure. Hospital C record."
PAT-HOSPITAL_C-0220,52,M,177,108,189.9,110.5,0,153,0,0,"Patient Robert Johnson (MRN-100220, SSN 347-91-4939) admitted at St. Jude Hospital in Miami on 2026-05-12. Contact robert.johnson@example.com or phone 887-897-6742. History of hypertension and dyspnea on exertion. Hospital C record."
PAT-HOSPITAL_C-0221,60,F,175,71,199.8,107.3,3,178,1,1,"Patient Alice Smith (MRN-100221, SSN 332-20-6987) admitted at Presbyterian Hospital in Atlanta on 2026-08-18. Contact alice.smith@example.com or phone 676-202-5561. Reports tightness in chest and shortness of breath. Hospital C record."
PAT-HOSPITAL_C-0222,55,F,147,104,183.4,104.6,2,151,1,0,"Patient David Taylor (MRN-100222, SSN 611-35-4423) admitted at City Health Medical Center in Chicago on 2026-05-23. Contact david.taylor@example.com or phone 256-654-4445. Presents with atypical chest discomfort radiating to left arm. Hospital C record."
PAT-HOSPITAL_C-0223,48,F,140,83,213.6,121.9,2,119,0,0,"Patient Sarah Wilson (MRN-100223, SSN 227-53-3753) admitted at Mercy General Hospital in New York on 2026-02-10. Contact sarah.wilson@example.com or phone 466-613-3485. Asymptomatic routine checkup with elevated blood pressure. Hospital C record."
PAT-HOSPITAL_C-0224,77,F,145,105,217.0,129.0,2,115,0,1,"Patient Sarah Wilson (MRN-100224, SSN 798-38-4393) admitted at City Health Medical Center in Chicago on 2026-01-16. Contact sarah.wilson@example.com or phone 219-688-8992. Asymptomatic routine checkup with elevated blood pressure. Hospital C record."
PAT-HOSPITAL_C-0225,61,F,152,83,154.3,114.4,0,187,0,0,"Patient John Doe (MRN-100225, SSN 275-85-1814) admitted at City Health Medical Center in Boston on 2026-04-10. Contact john.doe@example.com or phone 528-316-4907. Presents with atypical chest discomfort radiating to left arm. Hospital C record."
PAT-HOSPITAL_C-0226,56,F,110,81,293.6,89.2,3,188,0,0,"Patient Emily Davis (MRN-100226, SSN 747-46-8396) admitted at Mercy General Hospital in Seattle on 2026-08-12. Contact emily.davis@example.com or phone 565-485-4324. History of hypertension and dyspnea on exertion. Hospital C record."
PAT-HOSPITAL_C-0227,48,M,169,84,306.7,137.8,2,193,0,0,"Patient Laura Martinez (MRN-100227, SSN 976-49-6256) admitted at Mercy General Hospital in New York on 2026-02-14. Contact laura.martinez@example.com or phone 942-738-8955. Reports tightness in chest and shortness of breath. Hospital C record."
PAT-HOSPITAL_C-0228,39,M,127,73,285.3,158.7,3,100,1,0,"Patient Sarah Wilson (MRN-100228, SSN 305-39-7441) admitted at St. Jude Hospital in Chicago on 2026-04-15. Contact sarah.wilson@example.com or phone 681-616-4698. Presents with atypical chest discomfort radiating to left arm. Hospital C record."
PAT-HOSPITAL_C-0229,67,F,137,78,181.2,149.9,0,93,0,1,"Patient Alice Smith (MRN-100229, SSN 124-25-9539) admitted at Mercy General Hospital in Boston on 2026-06-22. Contact alice.smith@example.com or phone 422-983-1742. History of hypertension and dyspnea on exertion. Hospital C record."
PAT-HOSPITAL_C-0230,72,M,135,90,298.4,157.8,3,117,0,0,"Patient Laura Martinez (MRN-100230, SSN 466-88-4430) admitted at City Health Medical Center in Boston on 2026-02-12. Contact laura.martinez@example.com or phone 792-754-4249. History of hypertension and dyspnea on exertion. Hospital C record."
PAT-HOSPITAL_C-0231,42,F,128,109,312.1,156.9,0,121,0,1,"Patient Sarah Wilson (MRN-100231, SSN 549-92-3824) admitted at Mercy General Hospital in San Francisco on 2026-02-21. Contact sarah.wilson@example.com or phone 571-759-3699. Experiencing acute exertional angina and mild dizziness. Hospital C record."
PAT-HOSPITAL_C-0232,75,M,158,70,218.6,111.4,3,127,1,1,"Patient Sarah Wilson (MRN-100232, SSN 316-98-4319) admitted at Presbyterian Hospital in Seattle on 2026-06-13. Contact sarah.wilson@example.com or phone 608-463-2137. Experiencing acute exertional angina and mild dizziness. Hospital C record."
PAT-HOSPITAL_C-0233,40,F,126,104,185.8,137.5,2,145,1,0,"Patient Michael Brown (MRN-100233, SSN 317-65-4791) admitted at City Health Medical Center in Chicago on 2026-06-23. Contact michael.brown@example.com or phone 334-839-9002. Experiencing acute exertional angina and mild dizziness. Hospital C record."
PAT-HOSPITAL_C-0234,41,M,130,92,264.5,101.8,1,135,0,0,"Patient Robert Johnson (MRN-100234, SSN 239-10-2115) admitted at Presbyterian Hospital in New York on 2026-02-11. Contact robert.johnson@example.com or phone 506-399-2957. Experiencing acute exertional angina and mild dizziness. Hospital C record."
PAT-HOSPITAL_C-0235,62,M,144,92,247.3,102.8,2,115,1,0,"Patient Alice Smith (MRN-100235, SSN 688-41-5337) admitted at City Health Medical Center in San Francisco on 2026-07-25. Contact alice.smith@example.com or phone 862-247-5939. Asymptomatic routine checkup with elevated blood pressure. Hospital C record."
PAT-HOSPITAL_C-0236,44,F,161,106,310.1,126.3,0,144,1,1,"Patient David Taylor (MRN-100236, SSN 156-74-8650) admitted at Mercy General Hospital in New York on 2026-07-24. Contact david.taylor@example.com or phone 607-626-4755. Experiencing acute exertional angina and mild dizziness. Hospital C record."
PAT-HOSPITAL_C-0237,50,F,138,70,249.5,97.7,1,101,1,1,"Patient Emily Davis (MRN-100237, SSN 560-17-7761) admitted at St. Jude Hospital in Chicago on 2026-03-12. Contact emily.davis@example.com or phone 907-286-6212. Asymptomatic routine checkup with elevated blood pressure. Hospital C record."
PAT-HOSPITAL_C-0238,60,M,157,83,258.6,102.2,3,121,0,0,"Patient Michael Brown (MRN-100238, SSN 773-39-5483) admitted at Mercy General Hospital in Seattle on 2026-01-21. Contact michael.brown@example.com or phone 683-950-3302. History of hypertension and dyspnea on exertion. Hospital C record."
PAT-HOSPITAL_C-0239,70,F,118,82,226.6,158.9,1,152,0,0,"Patient Alice Smith (MRN-100239, SSN 467-75-1757) admitted at City Health Medical Center in San Francisco on 2026-06-21. Contact alice.smith@example.com or phone 283-569-5839. Experiencing acute exertional angina and mild dizziness. Hospital C record."
PAT-HOSPITAL_C-0240,71,M,163,78,257.6,134.6,3,140,1,0,"Patient Sarah Wilson (MRN-100240, SSN 717-62-8928) admitted at St. Jude Hospital in New York on 2026-02-15. Contact sarah.wilson@example.com or phone 575-847-3636. Asymptomatic routine checkup with elevated blood pressure. Hospital C record."
PAT-HOSPITAL_C-0241,68,M,146,92,250.8,130.7,1,158,0,0,"Patient Alice Smith (MRN-100241, SSN 694-67-5950) admitted at St. Jude Hospital in Miami on 2026-01-22. Contact alice.smith@example.com or phone 252-455-5342. Presents with atypical chest discomfort radiating to left arm. Hospital C record."
PAT-HOSPITAL_C-0242,55,F,142,72,272.8,128.5,3,156,0,0,"Patient John Doe (MRN-100242, SSN 255-89-3477) admitted at St. Jude Hospital in San Francisco on 2026-03-21. Contact john.doe@example.com or phone 686-365-5583. Experiencing acute exertional angina and mild dizziness. Hospital C record."
PAT-HOSPITAL_C-0243,67,M,148,104,263.2,159.1,0,103,0,0,"Patient John Doe (MRN-100243, SSN 118-88-5575) admitted at Presbyterian Hospital in San Francisco on 2026-02-16. Contact john.doe@example.com or phone 522-540-6148. Asymptomatic routine checkup with elevated blood pressure. Hospital C record."
PAT-HOSPITAL_C-0244,73,F,167,98,255.9,143.2,2,136,1,0,"Patient Robert Johnson (MRN-100244, SSN 783-40-7905) admitted at St. Jude Hospital in Atlanta on 2026-04-10. Contact robert.johnson@example.com or phone 237-649-9405. Reports tightness in chest and shortness of breath. Hospital C record."
PAT-HOSPITAL_C-0245,44,F,145,76,201.4,151.3,1,151,1,1,"Patient Michael Brown (MRN-100245, SSN 174-71-5782) admitted at St. Jude Hospital in Atlanta on 2026-08-11. Contact michael.brown@example.com or phone 693-202-7597. Reports tightness in chest and shortness of breath. Hospital C record."
PAT-HOSPITAL_C-0246,53,M,151,73,153.2,134.6,3,149,1,0,"Patient David Taylor (MRN-100246, SSN 252-64-6487) admitted at St. Jude Hospital in San Francisco on 2026-03-22. Contact david.taylor@example.com or phone 738-549-7615. Reports tightness in chest and shortness of breath. Hospital C record."
PAT-HOSPITAL_C-0247,73,M,164,108,248.1,114.3,3,145,0,1,"Patient Michael Brown (MRN-100247, SSN 278-69-1860) admitted at St. Jude Hospital in Dallas on 2026-05-22. Contact michael.brown@example.com or phone 493-240-8522. Experiencing acute exertional angina and mild dizziness. Hospital C record."
PAT-HOSPITAL_C-0248,65,F,120,82,156.6,142.2,3,118,1,0,"Patient Sarah Wilson (MRN-100248, SSN 534-17-2420) admitted at St. Jude Hospital in Miami on 2026-05-10. Contact sarah.wilson@example.com or phone 467-462-3056. Reports tightness in chest and shortness of breath. Hospital C record."
PAT-HOSPITAL_C-0249,45,F,148,74,158.6,148.5,3,179,0,1,"Patient Sarah Wilson (MRN-100249, SSN 263-46-2019) admitted at City Health Medical Center in Atlanta on 2026-02-25. Contact sarah.wilson@example.com or phone 379-643-9791. Experiencing acute exertional angina and mild dizziness. Hospital C record."
PAT-HOSPITAL_C-0250,62,M,140,95,266.7,108.0,3,150,0,0,"Patient John Doe (MRN-100250, SSN 565-82-3490) admitted at City Health Medical Center in Miami on 2026-02-20. Contact john.doe@example.com or phone 246-569-9749. Asymptomatic routine checkup with elevated blood pressure. Hospital C record."
PAT-HOSPITAL_C-0251,56,F,173,77,249.9,107.8,0,177,0,0,"Patient Laura Martinez (MRN-100251, SSN 214-78-9271) admitted at Presbyterian Hospital in San Francisco on 2026-07-23. Contact laura.martinez@example.com or phone 772-875-5677. Presents with atypical chest discomfort radiating to left arm. Hospital C record."
PAT-HOSPITAL_C-0252,79,M,125,100,196.6,87.8,3,108,0,1,"Patient Michael Brown (MRN-100252, SSN 250-78-9329) admitted at Mercy General Hospital in San Francisco on 2026-08-24. Contact michael.brown@example.com or phone 433-994-5686. Experiencing acute exertional angina and mild dizziness. Hospital C record."
PAT-HOSPITAL_C-0253,59,M,160,106,236.7,118.6,2,190,0,1,"Patient Laura Martinez (MRN-100253, SSN 976-39-1416) admitted at St. Jude Hospital in Chicago on 2026-05-24. Contact laura.martinez@example.com or phone 682-618-2273. Experiencing acute exertional angina and mild dizziness. Hospital C record."
PAT-HOSPITAL_C-0254,63,F,123,109,204.6,146.6,0,129,0,1,"Patient Michael Brown (MRN-100254, SSN 600-64-4171) admitted at Presbyterian Hospital in Chicago on 2026-05-13. Contact michael.brown@example.com or phone 744-769-6406. Reports tightness in chest and shortness of breath. Hospital C record."
PAT-HOSPITAL_C-0255,61,F,138,87,157.8,87.1,1,138,0,0,"Patient David Taylor (MRN-100255, SSN 439-76-2691) admitted at Mercy General Hospital in San Francisco on 2026-01-23. Contact david.taylor@example.com or phone 441-584-1135. Presents with atypical chest discomfort radiating to left arm. Hospital C record."
PAT-HOSPITAL_C-0256,43,F,113,103,209.5,135.0,1,103,1,0,"Patient Emily Davis (MRN-100256, SSN 238-67-1368) admitted at St. Jude Hospital in Miami on 2026-04-26. Contact emily.davis@example.com or phone 722-224-5351. Presents with atypical chest discomfort radiating to left arm. Hospital C record."
PAT-HOSPITAL_C-0257,51,F,153,106,250.8,89.7,2,139,0,1,"Patient Emily Davis (MRN-100257, SSN 234-10-3481) admitted at City Health Medical Center in Boston on 2026-05-21. Contact emily.davis@example.com or phone 776-780-4022. History of hypertension and dyspnea on exertion. Hospital C record."
PAT-HOSPITAL_C-0258,40,F,157,92,196.4,121.4,2,112,0,1,"Patient John Doe (MRN-100258, SSN 124-41-2048) admitted at Presbyterian Hospital in Dallas on 2026-03-26. Contact john.doe@example.com or phone 912-554-2805. Reports tightness in chest and shortness of breath. Hospital C record."
PAT-HOSPITAL_C-0259,37,F,159,86,227.2,124.3,2,139,1,0,"Patient Laura Martinez (MRN-100259, SSN 611-55-2687) admitted at St. Jude Hospital in Atlanta on 2026-06-17. Contact laura.martinez@example.com or phone 230-881-5949. Asymptomatic routine checkup with elevated blood pressure. Hospital C record."
PAT-HOSPITAL_C-0260,54,M,152,95,247.8,106.5,2,134,0,0,"Patient Sarah Wilson (MRN-100260, SSN 998-42-5247) admitted at St. Jude Hospital in Chicago on 2026-03-22. Contact sarah.wilson@example.com or phone 358-657-6032. Reports tightness in chest and shortness of breath. Hospital C record."
PAT-HOSPITAL_C-0261,44,F,127,108,189.8,105.1,0,187,1,0,"Patient Sarah Wilson (MRN-100261, SSN 156-30-8070) admitted at Mercy General Hospital in New York on 2026-07-14. Contact sarah.wilson@example.com or phone 313-515-2939. Asymptomatic routine checkup with elevated blood pressure. Hospital C record."
PAT-HOSPITAL_C-0262,78,F,178,93,297.7,153.7,1,153,0,0,"Patient David Taylor (MRN-100262, SSN 342-53-8915) admitted at St. Jude Hospital in Boston on 2026-03-14. Contact david.taylor@example.com or phone 976-966-8769. Asymptomatic routine checkup with elevated blood pressure. Hospital C record."
PAT-HOSPITAL_C-0263,56,F,146,75,165.1,157.3,0,144,0,1,"Patient Emily Davis (MRN-100263, SSN 634-70-2051) admitted at St. Jude Hospital in Boston on 2026-02-22. Contact emily.davis@example.com or phone 926-997-8638. Presents with atypical chest discomfort radiating to left arm. Hospital C record."
PAT-HOSPITAL_C-0264,71,F,160,76,177.3,99.4,1,193,0,1,"Patient Sarah Wilson (MRN-100264, SSN 294-51-9678) admitted at St. Jude Hospital in San Francisco on 2026-08-19. Contact sarah.wilson@example.com or phone 619-711-2774. Reports tightness in chest and shortness of breath. Hospital C record."
PAT-HOSPITAL_C-0265,43,F,122,72,318.8,100.0,3,138,0,1,"Patient Robert Johnson (MRN-100265, SSN 334-53-9683) admitted at City Health Medical Center in New York on 2026-08-20. Contact robert.johnson@example.com or phone 872-205-5725. Asymptomatic routine checkup with elevated blood pressure. Hospital C record."
PAT-HOSPITAL_C-0266,41,M,119,73,306.3,87.9,0,185,1,1,"Patient Alice Smith (MRN-100266, SSN 723-80-7228) admitted at St. Jude Hospital in New York on 2026-05-16. Contact alice.smith@example.com or phone 631-453-5195. Presents with atypical chest discomfort radiating to left arm. Hospital C record."
PAT-HOSPITAL_C-0267,43,M,150,91,219.9,95.0,1,114,0,1,"Patient Alice Smith (MRN-100267, SSN 281-34-1207) admitted at Presbyterian Hospital in San Francisco on 2026-07-10. Contact alice.smith@example.com or phone 899-722-7016. Asymptomatic routine checkup with elevated blood pressure. Hospital C record."
PAT-HOSPITAL_C-0268,66,M,115,95,270.6,106.9,3,133,0,1,"Patient Robert Johnson (MRN-100268, SSN 958-54-6430) admitted at Mercy General Hospital in New York on 2026-04-19. Contact robert.johnson@example.com or phone 385-230-5978. Experiencing acute exertional angina and mild dizziness. Hospital C record."
PAT-HOSPITAL_C-0269,41,M,130,104,159.8,102.2,3,183,1,0,"Patient Emily Davis (MRN-100269, SSN 400-34-7113) admitted at St. Jude Hospital in Seattle on 2026-08-25. Contact emily.davis@example.com or phone 537-259-2607. History of hypertension and dyspnea on exertion. Hospital C record."
PAT-HOSPITAL_C-0270,74,M,122,80,300.0,144.7,1,124,0,0,"Patient Laura Martinez (MRN-100270, SSN 718-91-7269) admitted at City Health Medical Center in New York on 2026-03-13. Contact laura.martinez@example.com or phone 451-409-6078. Experiencing acute exertional angina and mild dizziness. Hospital C record."
PAT-HOSPITAL_C-0271,51,M,165,108,178.9,154.0,3,178,0,1,"Patient Sarah Wilson (MRN-100271, SSN 747-88-9376) admitted at City Health Medical Center in Boston on 2026-04-14. Contact sarah.wilson@example.com or phone 246-577-3764. Presents with atypical chest discomfort radiating to left arm. Hospital C record."
PAT-HOSPITAL_C-0272,64,F,110,90,226.2,107.8,0,194,0,1,"Patient Alice Smith (MRN-100272, SSN 913-60-5408) admitted at St. Jude Hospital in New York on 2026-01-20. Contact alice.smith@example.com or phone 306-307-6770. Reports tightness in chest and shortness of breath. Hospital C record."
PAT-HOSPITAL_C-0273,47,F,135,71,282.8,129.6,0,172,1,1,"Patient Michael Brown (MRN-100273, SSN 978-44-6382) admitted at Presbyterian Hospital in New York on 2026-04-19. Contact michael.brown@example.com or phone 594-211-4443. Experiencing acute exertional angina and mild dizziness. Hospital C record."
PAT-HOSPITAL_C-0274,71,F,112,106,254.6,154.2,3,139,1,1,"Patient Robert Johnson (MRN-100274, SSN 664-67-7357) admitted at Presbyterian Hospital in New York on 2026-03-23. Contact robert.johnson@example.com or phone 632-854-8771. Reports tightness in chest and shortness of breath. Hospital C record."
PAT-HOSPITAL_C-0275,72,M,122,74,227.8,86.8,3,148,0,0,"Patient Robert Johnson (MRN-100275, SSN 652-31-2504) admitted at City Health Medical Center in Dallas on 2026-05-10. Contact robert.johnson@example.com or phone 934-366-5372. Asymptomatic routine checkup with elevated blood pressure. Hospital C record."
PAT-HOSPITAL_C-0276,61,F,160,103,232.4,127.6,2,96,0,1,"Patient Sarah Wilson (MRN-100276, SSN 201-60-9882) admitted at City Health Medical Center in Miami on 2026-05-11. Contact sarah.wilson@example.com or phone 828-704-3350. Experiencing acute exertional angina and mild dizziness. Hospital C record."
PAT-HOSPITAL_C-0277,51,F,120,94,195.5,118.4,3,146,0,1,"Patient John Doe (MRN-100277, SSN 129-50-4180) admitted at City Health Medical Center in Chicago on 2026-04-24. Contact john.doe@example.com or phone 868-970-3389. History of hypertension and dyspnea on exertion. Hospital C record."
PAT-HOSPITAL_C-0278,59,F,173,97,181.0,115.4,1,150,0,0,"Patient Michael Brown (MRN-100278, SSN 783-30-9368) admitted at Presbyterian Hospital in Boston on 2026-01-24. Contact michael.brown@example.com or phone 230-301-7211. Reports tightness in chest and shortness of breath. Hospital C record."
PAT-HOSPITAL_C-0279,78,F,179,75,179.3,114.2,0,94,0,0,"Patient David Taylor (MRN-100279, SSN 717-10-1323) admitted at St. Jude Hospital in Seattle on 2026-04-14. Contact david.taylor@example.com or phone 750-741-4312. History of hypertension and dyspnea on exertion. Hospital C record."
PAT-HOSPITAL_C-0280,54,M,150,90,156.3,151.3,0,133,0,1,"Patient John Doe (MRN-100280, SSN 562-18-5217) admitted at City Health Medical Center in San Francisco on 2026-07-21. Contact john.doe@example.com or phone 484-522-4152. History of hypertension and dyspnea on exertion. Hospital C record."
PAT-HOSPITAL_C-0281,58,F,135,93,246.8,104.1,3,111,1,0,"Patient Sarah Wilson (MRN-100281, SSN 879-46-6444) admitted at City Health Medical Center in Seattle on 2026-01-22. Contact sarah.wilson@example.com or phone 400-697-9361. Reports tightness in chest and shortness of breath. Hospital C record."
PAT-HOSPITAL_C-0282,51,F,121,108,283.4,128.6,2,187,1,0,"Patient Michael Brown (MRN-100282, SSN 167-91-7327) admitted at Presbyterian Hospital in Dallas on 2026-07-23. Contact michael.brown@example.com or phone 355-978-2499. Reports tightness in chest and shortness of breath. Hospital C record."
PAT-HOSPITAL_C-0283,62,F,155,95,280.4,149.4,1,145,1,1,"Patient David Taylor (MRN-100283, SSN 876-15-3596) admitted at Mercy General Hospital in Atlanta on 2026-05-25. Contact david.taylor@example.com or phone 510-623-4552. Presents with atypical chest discomfort radiating to left arm. Hospital C record."
PAT-HOSPITAL_C-0284,41,M,152,93,209.2,93.5,0,154,0,1,"Patient Robert Johnson (MRN-100284, SSN 808-12-7306) admitted at St. Jude Hospital in Atlanta on 2026-05-27. Contact robert.johnson@example.com or phone 480-927-3595. Presents with atypical chest discomfort radiating to left arm. Hospital C record."
PAT-HOSPITAL_C-0285,68,F,125,94,290.7,144.2,1,180,0,0,"Patient Emily Davis (MRN-100285, SSN 667-23-4137) admitted at St. Jude Hospital in Atlanta on 2026-07-21. Contact emily.davis@example.com or phone 973-278-1106. Experiencing acute exertional angina and mild dizziness. Hospital C record."
PAT-HOSPITAL_C-0286,50,M,155,92,194.4,142.2,0,184,0,1,"Patient Emily Davis (MRN-100286, SSN 663-72-7406) admitted at St. Jude Hospital in New York on 2026-05-15. Contact emily.davis@example.com or phone 786-329-5572. Presents with atypical chest discomfort radiating to left arm. Hospital C record."
PAT-HOSPITAL_C-0287,43,M,154,108,249.6,112.5,1,193,1,0,"Patient Alice Smith (MRN-100287, SSN 816-74-9457) admitted at City Health Medical Center in Seattle on 2026-01-25. Contact alice.smith@example.com or phone 953-734-8269. History of hypertension and dyspnea on exertion. Hospital C record."
PAT-HOSPITAL_C-0288,50,M,158,87,176.5,99.9,0,143,0,0,"Patient Emily Davis (MRN-100288, SSN 278-59-3568) admitted at City Health Medical Center in Miami on 2026-03-27. Contact emily.davis@example.com or phone 854-618-2594. Presents with atypical chest discomfort radiating to left arm. Hospital C record."
PAT-HOSPITAL_C-0289,66,M,139,71,228.7,135.5,1,190,1,0,"Patient Michael Brown (MRN-100289, SSN 924-35-6728) admitted at St. Jude Hospital in Dallas on 2026-07-15. Contact michael.brown@example.com or phone 375-874-6998. Experiencing acute exertional angina and mild dizziness. Hospital C record."
PAT-HOSPITAL_C-0290,65,F,140,104,260.9,94.4,2,129,0,0,"Patient John Doe (MRN-100290, SSN 874-43-8914) admitted at City Health Medical Center in New York on 2026-01-18. Contact john.doe@example.com or phone 919-617-3297. Experiencing acute exertional angina and mild dizziness. Hospital C record."
PAT-HOSPITAL_C-0291,54,F,154,73,299.9,126.7,2,138,1,0,"Patient Laura Martinez (MRN-100291, SSN 878-10-1158) admitted at Presbyterian Hospital in Dallas on 2026-07-22. Contact laura.martinez@example.com or phone 627-700-1395. Asymptomatic routine checkup with elevated blood pressure. Hospital C record."
PAT-HOSPITAL_C-0292,43,F,119,86,269.0,143.9,0,134,0,0,"Patient Alice Smith (MRN-100292, SSN 676-43-2964) admitted at City Health Medical Center in Seattle on 2026-01-25. Contact alice.smith@example.com or phone 267-292-6775. Experiencing acute exertional angina and mild dizziness. Hospital C record."
PAT-HOSPITAL_C-0293,46,M,156,79,232.7,132.1,3,113,0,1,"Patient Michael Brown (MRN-100293, SSN 569-44-5368) admitted at Mercy General Hospital in Dallas on 2026-08-20. Contact michael.brown@example.com or phone 244-610-4555. Asymptomatic routine checkup with elevated blood pressure. Hospital C record."
PAT-HOSPITAL_C-0294,48,M,113,90,175.8,95.3,0,110,0,1,"Patient John Doe (MRN-100294, SSN 948-45-5099) admitted at City Health Medical Center in San Francisco on 2026-05-14. Contact john.doe@example.com or phone 285-729-6096. History of hypertension and dyspnea on exertion. Hospital C record."
PAT-HOSPITAL_C-0295,68,M,162,88,157.5,99.8,2,145,0,0,"Patient Alice Smith (MRN-100295, SSN 701-36-8764) admitted at St. Jude Hospital in Seattle on 2026-05-26. Contact alice.smith@example.com or phone 403-620-3406. Experiencing acute exertional angina and mild dizziness. Hospital C record."
PAT-HOSPITAL_C-0296,53,M,125,81,300.4,124.4,0,118,0,0,"Patient Robert Johnson (MRN-100296, SSN 114-15-9187) admitted at Mercy General Hospital in Seattle on 2026-07-25. Contact robert.johnson@example.com or phone 603-268-1665. Asymptomatic routine checkup with elevated blood pressure. Hospital C record."
PAT-HOSPITAL_C-0297,58,M,111,91,166.5,131.3,0,95,1,0,"Patient Robert Johnson (MRN-100297, SSN 865-58-4416) admitted at St. Jude Hospital in Dallas on 2026-01-24. Contact robert.johnson@example.com or phone 238-280-4790. Presents with atypical chest discomfort radiating to left arm. Hospital C record."
PAT-HOSPITAL_C-0298,67,F,137,105,173.4,99.9,2,144,0,0,"Patient Laura Martinez (MRN-100298, SSN 990-59-3585) admitted at Presbyterian Hospital in New York on 2026-06-14. Contact laura.martinez@example.com or phone 573-258-3981. History of hypertension and dyspnea on exertion. Hospital C record."
PAT-HOSPITAL_C-0299,66,M,148,104,274.2,132.3,1,93,1,0,"Patient David Taylor (MRN-100299, SSN 575-54-3424) admitted at Mercy General Hospital in Miami on 2026-04-14. Contact david.taylor@example.com or phone 782-486-2097. Asymptomatic routine checkup with elevated blood pressure. Hospital C record."
PAT-HOSPITAL_C-0300,77,M,160,78,277.6,87.6,0,191,1,1,"Patient Sarah Wilson (MRN-100300, SSN 872-61-6385) admitted at City Health Medical Center in Chicago on 2026-01-26. Contact sarah.wilson@example.com or phone 984-497-5832. History of hypertension and dyspnea on exertion. Hospital C record."
PAT-HOSPITAL_C-0301,78,F,148,73,156.0,132.4,0,102,1,0,"Patient Alice Smith (MRN-100301, SSN 134-43-7203) admitted at City Health Medical Center in Seattle on 2026-08-27. Contact alice.smith@example.com or phone 408-685-8746. Experiencing acute exertional angina and mild dizziness. Hospital C record."
PAT-HOSPITAL_C-0302,58,F,143,80,256.7,117.8,1,114,0,1,"Patient Laura Martinez (MRN-100302, SSN 504-34-7294) admitted at Mercy General Hospital in Dallas on 2026-05-25. Contact laura.martinez@example.com or phone 952-558-4167. History of hypertension and dyspnea on exertion. Hospital C record."
PAT-HOSPITAL_C-0303,49,F,114,101,157.4,147.1,3,91,0,0,"Patient Robert Johnson (MRN-100303, SSN 487-57-9882) admitted at Presbyterian Hospital in San Francisco on 2026-03-26. Contact robert.johnson@example.com or phone 826-201-1956. Asymptomatic routine checkup with elevated blood pressure. Hospital C record."
PAT-HOSPITAL_C-0304,51,M,126,105,286.5,145.2,0,153,0,0,"Patient Laura Martinez (MRN-100304, SSN 528-67-2541) admitted at Presbyterian Hospital in Chicago on 2026-03-26. Contact laura.martinez@example.com or phone 556-489-6400. History of hypertension and dyspnea on exertion. Hospital C record."
PAT-HOSPITAL_C-0305,63,M,111,82,283.9,139.0,3,188,0,0,"Patient Robert Johnson (MRN-100305, SSN 330-13-5703) admitted at St. Jude Hospital in San Francisco on 2026-07-14. Contact robert.johnson@example.com or phone 600-262-5582. Presents with atypical chest discomfort radiating to left arm. Hospital C record."
PAT-HOSPITAL_C-0306,66,M,166,95,255.1,114.7,1,122,0,0,"Patient Michael Brown (MRN-100306, SSN 607-59-7821) admitted at City Health Medical Center in New York on 2026-01-13. Contact michael.brown@example.com or phone 676-881-8016. History of hypertension and dyspnea on exertion. Hospital C record."
PAT-HOSPITAL_C-0307,63,F,123,92,275.1,102.1,3,103,0,1,"Patient Alice Smith (MRN-100307, SSN 878-32-1786) admitted at St. Jude Hospital in San Francisco on 2026-02-26. Contact alice.smith@example.com or phone 783-211-8583. Experiencing acute exertional angina and mild dizziness. Hospital C record."
PAT-HOSPITAL_C-0308,46,F,141,105,270.1,155.2,1,166,0,0,"Patient David Taylor (MRN-100308, SSN 449-17-7978) admitted at Mercy General Hospital in San Francisco on 2026-04-27. Contact david.taylor@example.com or phone 624-475-5783. Asymptomatic routine checkup with elevated blood pressure. Hospital C record."
PAT-HOSPITAL_C-0309,53,M,132,109,232.2,131.4,0,139,0,1,"Patient Laura Martinez (MRN-100309, SSN 152-85-1390) admitted at St. Jude Hospital in Chicago on 2026-05-26. Contact laura.martinez@example.com or phone 653-987-5767. Reports tightness in chest and shortness of breath. Hospital C record."
PAT-HOSPITAL_C-0310,57,M,123,74,275.8,103.6,3,107,0,0,"Patient Emily Davis (MRN-100310, SSN 257-29-1407) admitted at St. Jude Hospital in Dallas on 2026-04-13. Contact emily.davis@example.com or phone 404-270-6013. Reports tightness in chest and shortness of breath. Hospital C record."
PAT-HOSPITAL_C-0311,67,F,144,105,293.5,100.6,0,136,0,0,"Patient Robert Johnson (MRN-100311, SSN 557-65-7739) admitted at St. Jude Hospital in Atlanta on 2026-01-14. Contact robert.johnson@example.com or phone 811-240-1366. History of hypertension and dyspnea on exertion. Hospital C record."
PAT-HOSPITAL_C-0312,59,M,169,79,169.1,126.4,3,132,1,1,"Patient Alice Smith (MRN-100312, SSN 549-56-4368) admitted at City Health Medical Center in San Francisco on 2026-05-27. Contact alice.smith@example.com or phone 526-423-8507. Presents with atypical chest discomfort radiating to left arm. Hospital C record."
PAT-HOSPITAL_C-0313,75,M,125,71,181.3,86.0,2,179,0,0,"Patient Sarah Wilson (MRN-100313, SSN 942-22-5816) admitted at Mercy General Hospital in Chicago on 2026-01-19. Contact sarah.wilson@example.com or phone 363-795-5020. History of hypertension and dyspnea on exertion. Hospital C record."
PAT-HOSPITAL_C-0314,54,M,130,76,312.2,88.0,3,133,1,0,"Patient Robert Johnson (MRN-100314, SSN 686-48-7375) admitted at Presbyterian Hospital in Dallas on 2026-08-19. Contact robert.johnson@example.com or phone 697-358-6370. Reports tightness in chest and shortness of breath. Hospital C record."
PAT-HOSPITAL_C-0315,56,F,128,108,298.4,152.4,1,177,1,0,"Patient Emily Davis (MRN-100315, SSN 519-41-6002) admitted at St. Jude Hospital in Dallas on 2026-01-16. Contact emily.davis@example.com or phone 824-320-8496. Presents with atypical chest discomfort radiating to left arm. Hospital C record."
PAT-HOSPITAL_C-0316,71,F,113,79,182.1,154.5,2,134,0,1,"Patient Laura Martinez (MRN-100316, SSN 889-16-9174) admitted at Mercy General Hospital in Miami on 2026-03-21. Contact laura.martinez@example.com or phone 715-258-6696. Experiencing acute exertional angina and mild dizziness. Hospital C record."
PAT-HOSPITAL_C-0317,70,F,176,77,315.0,141.0,2,189,0,0,"Patient Alice Smith (MRN-100317, SSN 631-97-9661) admitted at City Health Medical Center in Seattle on 2026-02-21. Contact alice.smith@example.com or phone 952-450-7371. Experiencing acute exertional angina and mild dizziness. Hospital C record."
PAT-HOSPITAL_C-0318,50,M,155,81,169.5,138.7,0,173,0,1,"Patient Robert Johnson (MRN-100318, SSN 394-22-7874) admitted at Mercy General Hospital in Seattle on 2026-07-16. Contact robert.johnson@example.com or phone 735-593-2946. Asymptomatic routine checkup with elevated blood pressure. Hospital C record."
PAT-HOSPITAL_C-0319,67,F,147,88,180.4,92.6,1,186,0,1,"Patient Robert Johnson (MRN-100319, SSN 272-87-6081) admitted at Presbyterian Hospital in New York on 2026-05-25. Contact robert.johnson@example.com or phone 960-553-9479. History of hypertension and dyspnea on exertion. Hospital C record."
PAT-HOSPITAL_C-0320,45,F,110,89,266.0,89.0,2,151,0,1,"Patient Emily Davis (MRN-100320, SSN 301-54-9714) admitted at St. Jude Hospital in Chicago on 2026-04-24. Contact emily.davis@example.com or phone 253-704-3519. Asymptomatic routine checkup with elevated blood pressure. Hospital C record."
PAT-HOSPITAL_C-0321,78,M,114,108,245.1,109.0,3,154,0,0,"Patient John Doe (MRN-100321, SSN 247-96-4162) admitted at St. Jude Hospital in Seattle on 2026-02-24. Contact john.doe@example.com or phone 582-597-9135. Asymptomatic routine checkup with elevated blood pressure. Hospital C record."
PAT-HOSPITAL_C-0322,69,M,147,74,272.7,86.7,1,150,0,0,"Patient Michael Brown (MRN-100322, SSN 495-72-7723) admitted at City Health Medical Center in Boston on 2026-08-21. Contact michael.brown@example.com or phone 461-737-5175. Asymptomatic routine checkup with elevated blood pressure. Hospital C record."
PAT-HOSPITAL_C-0323,75,M,138,93,228.0,129.2,3,131,0,1,"Patient Sarah Wilson (MRN-100323, SSN 901-80-8741) admitted at City Health Medical Center in Dallas on 2026-06-24. Contact sarah.wilson@example.com or phone 949-886-2017. Asymptomatic routine checkup with elevated blood pressure. Hospital C record."
PAT-HOSPITAL_C-0324,38,F,131,108,218.5,113.7,0,193,0,0,"Patient Sarah Wilson (MRN-100324, SSN 630-13-8393) admitted at Presbyterian Hospital in Boston on 2026-06-24. Contact sarah.wilson@example.com or phone 580-956-2569. Asymptomatic routine checkup with elevated blood pressure. Hospital C record."
PAT-HOSPITAL_C-0325,56,F,132,105,188.0,109.5,3,104,0,1,"Patient Robert Johnson (MRN-100325, SSN 606-66-4584) admitted at City Health Medical Center in Seattle on 2026-06-11. Contact robert.johnson@example.com or phone 818-996-9953. History of hypertension and dyspnea on exertion. Hospital C record."
PAT-HOSPITAL_C-0326,62,M,168,103,195.1,107.6,1,175,1,1,"Patient David Taylor (MRN-100326, SSN 916-24-8762) admitted at City Health Medical Center in New York on 2026-06-12. Contact david.taylor@example.com or phone 539-855-5996. Experiencing acute exertional angina and mild dizziness. Hospital C record."
PAT-HOSPITAL_C-0327,49,F,156,77,183.2,154.0,1,174,0,0,"Patient Emily Davis (MRN-100327, SSN 471-22-7235) admitted at Mercy General Hospital in Miami on 2026-03-27. Contact emily.davis@example.com or phone 259-888-4383. Experiencing acute exertional angina and mild dizziness. Hospital C record."
PAT-HOSPITAL_C-0328,76,F,136,76,286.9,137.4,3,168,0,0,"Patient Michael Brown (MRN-100328, SSN 228-89-5790) admitted at City Health Medical Center in Seattle on 2026-07-10. Contact michael.brown@example.com or phone 785-501-3905. History of hypertension and dyspnea on exertion. Hospital C record."
PAT-HOSPITAL_C-0329,71,M,115,81,308.5,158.6,2,162,0,0,"Patient David Taylor (MRN-100329, SSN 505-84-6899) admitted at St. Jude Hospital in Dallas on 2026-06-21. Contact david.taylor@example.com or phone 924-844-9980. Presents with atypical chest discomfort radiating to left arm. Hospital C record."
PAT-HOSPITAL_C-0330,69,M,147,104,301.6,149.8,2,124,0,0,"Patient Alice Smith (MRN-100330, SSN 725-52-7904) admitted at Presbyterian Hospital in Dallas on 2026-07-16. Contact alice.smith@example.com or phone 814-732-8336. Asymptomatic routine checkup with elevated blood pressure. Hospital C record."
PAT-HOSPITAL_C-0331,67,M,140,99,270.4,108.5,2,122,0,0,"Patient Robert Johnson (MRN-100331, SSN 389-15-7797) admitted at Mercy General Hospital in Seattle on 2026-05-15. Contact robert.johnson@example.com or phone 748-868-1836. Reports tightness in chest and shortness of breath. Hospital C record."
PAT-HOSPITAL_C-0332,61,M,151,75,180.4,138.1,1,147,0,0,"Patient Emily Davis (MRN-100332, SSN 951-65-3997) admitted at City Health Medical Center in New York on 2026-06-10. Contact emily.davis@example.com or phone 693-683-4529. Experiencing acute exertional angina and mild dizziness. Hospital C record."
PAT-HOSPITAL_C-0333,41,F,161,82,306.4,118.3,0,170,1,0,"Patient John Doe (MRN-100333, SSN 922-40-1312) admitted at City Health Medical Center in New York on 2026-03-24. Contact john.doe@example.com or phone 925-503-1158. Experiencing acute exertional angina and mild dizziness. Hospital C record."
PAT-HOSPITAL_C-0334,37,F,174,93,182.4,141.0,0,182,0,1,"Patient John Doe (MRN-100334, SSN 738-15-8612) admitted at Mercy General Hospital in Miami on 2026-06-17. Contact john.doe@example.com or phone 246-551-5674. Reports tightness in chest and shortness of breath. Hospital C record."
PAT-HOSPITAL_C-0335,73,M,164,86,294.0,121.2,3,144,0,0,"Patient Michael Brown (MRN-100335, SSN 387-34-2061) admitted at St. Jude Hospital in San Francisco on 2026-08-21. Contact michael.brown@example.com or phone 723-399-5953. Presents with atypical chest discomfort radiating to left arm. Hospital C record."
PAT-HOSPITAL_C-0336,65,F,113,84,206.8,141.1,2,124,1,0,"Patient David Taylor (MRN-100336, SSN 806-17-2777) admitted at Presbyterian Hospital in Atlanta on 2026-05-27. Contact david.taylor@example.com or phone 959-969-2133. Presents with atypical chest discomfort radiating to left arm. Hospital C record."
PAT-HOSPITAL_C-0337,73,M,170,77,213.8,126.6,1,121,1,0,"Patient Michael Brown (MRN-100337, SSN 335-29-4416) admitted at Mercy General Hospital in San Francisco on 2026-04-13. Contact michael.brown@example.com or phone 591-300-6436. History of hypertension and dyspnea on exertion. Hospital C record."
PAT-HOSPITAL_C-0338,67,F,157,102,300.0,106.4,3,126,0,1,"Patient John Doe (MRN-100338, SSN 966-31-8054) admitted at City Health Medical Center in Chicago on 2026-06-12. Contact john.doe@example.com or phone 260-636-1603. History of hypertension and dyspnea on exertion. Hospital C record."
PAT-HOSPITAL_C-0339,38,F,116,94,286.6,110.7,3,162,0,0,"Patient Michael Brown (MRN-100339, SSN 275-21-2511) admitted at Presbyterian Hospital in Dallas on 2026-04-13. Contact michael.brown@example.com or phone 799-416-3960. Reports tightness in chest and shortness of breath. Hospital C record."
PAT-HOSPITAL_C-0340,37,M,170,109,175.9,128.1,0,109,0,0,"Patient Sarah Wilson (MRN-100340, SSN 372-85-5484) admitted at St. Jude Hospital in Boston on 2026-06-19. Contact sarah.wilson@example.com or phone 327-230-9379. Experiencing acute exertional angina and mild dizziness. Hospital C record."
PAT-HOSPITAL_C-0341,61,M,153,70,309.7,118.2,2,110,0,0,"Patient Michael Brown (MRN-100341, SSN 942-14-4547) admitted at St. Jude Hospital in Dallas on 2026-07-13. Contact michael.brown@example.com or phone 257-717-1928. History of hypertension and dyspnea on exertion. Hospital C record."
PAT-HOSPITAL_C-0342,72,M,149,108,225.3,88.2,3,179,1,1,"Patient David Taylor (MRN-100342, SSN 867-26-4631) admitted at City Health Medical Center in Chicago on 2026-07-17. Contact david.taylor@example.com or phone 446-406-6833. Asymptomatic routine checkup with elevated blood pressure. Hospital C record."
PAT-HOSPITAL_C-0343,57,M,111,78,152.4,145.5,0,110,0,1,"Patient Robert Johnson (MRN-100343, SSN 123-55-1705) admitted at Presbyterian Hospital in San Francisco on 2026-02-18. Contact robert.johnson@example.com or phone 455-909-5877. Reports tightness in chest and shortness of breath. Hospital C record."
PAT-HOSPITAL_C-0344,63,F,118,81,245.3,81.1,1,165,0,1,"Patient Alice Smith (MRN-100344, SSN 254-72-9605) admitted at City Health Medical Center in Boston on 2026-06-10. Contact alice.smith@example.com or phone 467-594-8207. Asymptomatic routine checkup with elevated blood pressure. Hospital C record."
PAT-HOSPITAL_C-0345,40,F,121,78,216.0,118.4,1,169,0,0,"Patient Sarah Wilson (MRN-100345, SSN 402-65-3110) admitted at Presbyterian Hospital in Chicago on 2026-08-17. Contact sarah.wilson@example.com or phone 490-424-8129. Experiencing acute exertional angina and mild dizziness. Hospital C record."
PAT-HOSPITAL_C-0346,39,F,121,94,300.7,123.4,0,110,1,1,"Patient John Doe (MRN-100346, SSN 845-83-5209) admitted at St. Jude Hospital in Miami on 2026-01-15. Contact john.doe@example.com or phone 382-298-3925. Asymptomatic routine checkup with elevated blood pressure. Hospital C record."
PAT-HOSPITAL_C-0347,72,M,158,71,243.8,110.9,1,152,1,0,"Patient Laura Martinez (MRN-100347, SSN 705-21-7574) admitted at St. Jude Hospital in San Francisco on 2026-08-25. Contact laura.martinez@example.com or phone 989-413-5379. Experiencing acute exertional angina and mild dizziness. Hospital C record."
PAT-HOSPITAL_C-0348,65,M,127,101,289.7,144.9,2,90,1,1,"Patient Emily Davis (MRN-100348, SSN 527-49-9473) admitted at St. Jude Hospital in Atlanta on 2026-04-18. Contact emily.davis@example.com or phone 878-413-4156. History of hypertension and dyspnea on exertion. Hospital C record."
PAT-HOSPITAL_C-0349,71,M,173,91,275.3,105.8,0,158,1,1,"Patient Laura Martinez (MRN-100349, SSN 455-64-5766) admitted at Presbyterian Hospital in Atlanta on 2026-04-14. Contact laura.martinez@example.com or phone 993-294-3789. Experiencing acute exertional angina and mild dizziness. Hospital C record."
PAT-HOSPITAL_C-0350,63,F,178,71,258.6,96.0,1,186,1,0,"Patient Robert Johnson (MRN-100350, SSN 649-87-9587) admitted at Presbyterian Hospital in Miami on 2026-01-19. Contact robert.johnson@example.com or phone 751-728-3389. Reports tightness in chest and shortness of breath. Hospital C record."
PAT-HOSPITAL_C-0351,56,M,153,83,291.1,133.7,0,157,0,0,"Patient Laura Martinez (MRN-100351, SSN 806-51-2590) admitted at Presbyterian Hospital in Atlanta on 2026-04-16. Contact laura.martinez@example.com or phone 352-329-9362. Reports tightness in chest and shortness of breath. Hospital C record."
PAT-HOSPITAL_C-0352,36,M,155,73,240.0,129.6,1,138,1,1,"Patient David Taylor (MRN-100352, SSN 689-75-3907) admitted at Presbyterian Hospital in Atlanta on 2026-04-11. Contact david.taylor@example.com or phone 876-691-4344. History of hypertension and dyspnea on exertion. Hospital C record."
PAT-HOSPITAL_C-0353,45,M,124,101,181.1,157.4,1,191,0,0,"Patient Michael Brown (MRN-100353, SSN 770-58-3576) admitted at St. Jude Hospital in San Francisco on 2026-04-26. Contact michael.brown@example.com or phone 252-767-5470. Experiencing acute exertional angina and mild dizziness. Hospital C record."
PAT-HOSPITAL_C-0354,39,M,171,84,284.4,115.1,2,176,0,0,"Patient Robert Johnson (MRN-100354, SSN 297-16-9249) admitted at St. Jude Hospital in Seattle on 2026-03-21. Contact robert.johnson@example.com or phone 597-467-5623. History of hypertension and dyspnea on exertion. Hospital C record."
PAT-HOSPITAL_C-0355,45,M,131,85,191.2,105.5,0,142,1,1,"Patient John Doe (MRN-100355, SSN 394-93-6970) admitted at Presbyterian Hospital in Chicago on 2026-06-11. Contact john.doe@example.com or phone 593-843-3630. Presents with atypical chest discomfort radiating to left arm. Hospital C record."
PAT-HOSPITAL_C-0356,40,F,143,81,156.1,157.5,1,102,0,0,"Patient Alice Smith (MRN-100356, SSN 925-87-8527) admitted at Presbyterian Hospital in Miami on 2026-06-10. Contact alice.smith@example.com or phone 398-211-5826. History of hypertension and dyspnea on exertion. Hospital C record."
PAT-HOSPITAL_C-0357,70,M,168,100,290.6,113.6,0,148,0,0,"Patient Emily Davis (MRN-100357, SSN 803-79-2270) admitted at St. Jude Hospital in Boston on 2026-05-23. Contact emily.davis@example.com or phone 365-808-5417. Experiencing acute exertional angina and mild dizziness. Hospital C record."
PAT-HOSPITAL_C-0358,50,F,170,75,195.7,83.2,3,106,1,1,"Patient Laura Martinez (MRN-100358, SSN 830-33-2462) admitted at Presbyterian Hospital in Chicago on 2026-06-13. Contact laura.martinez@example.com or phone 526-863-3152. Presents with atypical chest discomfort radiating to left arm. Hospital C record."
PAT-HOSPITAL_C-0359,38,F,170,76,301.2,104.2,1,131,0,0,"Patient Robert Johnson (MRN-100359, SSN 512-75-6216) admitted at Mercy General Hospital in Seattle on 2026-02-21. Contact robert.johnson@example.com or phone 661-940-8777. Reports tightness in chest and shortness of breath. Hospital C record."
PAT-HOSPITAL_C-0360,61,F,132,94,312.2,129.1,1,157,0,0,"Patient John Doe (MRN-100360, SSN 753-46-5267) admitted at Presbyterian Hospital in Boston on 2026-05-22. Contact john.doe@example.com or phone 430-286-5137. Asymptomatic routine checkup with elevated blood pressure. Hospital C record."
PAT-HOSPITAL_C-0361,63,M,116,106,244.1,81.1,0,114,1,0,"Patient Robert Johnson (MRN-100361, SSN 779-57-5942) admitted at Mercy General Hospital in San Francisco on 2026-07-11. Contact robert.johnson@example.com or phone 650-260-5658. History of hypertension and dyspnea on exertion. Hospital C record."
PAT-HOSPITAL_C-0362,71,F,121,99,184.1,110.8,1,181,0,0,"Patient Laura Martinez (MRN-100362, SSN 669-72-9876) admitted at City Health Medical Center in Dallas on 2026-08-27. Contact laura.martinez@example.com or phone 496-282-9003. Asymptomatic routine checkup with elevated blood pressure. Hospital C record."
PAT-HOSPITAL_C-0363,48,M,128,73,281.0,96.8,0,148,0,0,"Patient Laura Martinez (MRN-100363, SSN 228-51-3108) admitted at St. Jude Hospital in Boston on 2026-01-11. Contact laura.martinez@example.com or phone 455-739-5427. Experiencing acute exertional angina and mild dizziness. Hospital C record."
PAT-HOSPITAL_C-0364,74,F,153,73,268.1,108.5,0,178,0,1,"Patient Laura Martinez (MRN-100364, SSN 914-37-4424) admitted at Presbyterian Hospital in Atlanta on 2026-01-17. Contact laura.martinez@example.com or phone 773-540-2055. History of hypertension and dyspnea on exertion. Hospital C record."
PAT-HOSPITAL_C-0365,79,F,161,88,206.4,97.5,0,173,1,0,"Patient Robert Johnson (MRN-100365, SSN 434-21-6819) admitted at Presbyterian Hospital in Dallas on 2026-03-20. Contact robert.johnson@example.com or phone 322-914-7174. Presents with atypical chest discomfort radiating to left arm. Hospital C record."
PAT-HOSPITAL_C-0366,39,F,141,102,200.1,143.2,1,186,0,0,"Patient John Doe (MRN-100366, SSN 136-86-8125) admitted at Mercy General Hospital in Miami on 2026-03-15. Contact john.doe@example.com or phone 696-941-8666. Experiencing acute exertional angina and mild dizziness. Hospital C record."
PAT-HOSPITAL_C-0367,62,M,167,90,238.1,117.2,3,111,0,1,"Patient Laura Martinez (MRN-100367, SSN 218-42-3820) admitted at St. Jude Hospital in Seattle on 2026-01-15. Contact laura.martinez@example.com or phone 895-672-9140. Asymptomatic routine checkup with elevated blood pressure. Hospital C record."
PAT-HOSPITAL_C-0368,72,F,114,91,285.2,147.3,3,168,0,0,"Patient Emily Davis (MRN-100368, SSN 524-75-5212) admitted at Mercy General Hospital in Atlanta on 2026-05-17. Contact emily.davis@example.com or phone 981-416-3688. Reports tightness in chest and shortness of breath. Hospital C record."
PAT-HOSPITAL_C-0369,38,M,132,105,187.4,109.4,0,145,0,0,"Patient Emily Davis (MRN-100369, SSN 635-83-8395) admitted at Presbyterian Hospital in Atlanta on 2026-07-22. Contact emily.davis@example.com or phone 905-268-1314. History of hypertension and dyspnea on exertion. Hospital C record."
PAT-HOSPITAL_C-0370,75,M,154,88,160.3,116.6,2,110,0,1,"Patient John Doe (MRN-100370, SSN 357-46-5695) admitted at Presbyterian Hospital in Dallas on 2026-06-20. Contact john.doe@example.com or phone 768-409-4680. History of hypertension and dyspnea on exertion. Hospital C record."
PAT-HOSPITAL_C-0371,46,M,130,93,155.5,92.8,3,168,1,0,"Patient John Doe (MRN-100371, SSN 352-63-8902) admitted at Presbyterian Hospital in Boston on 2026-02-20. Contact john.doe@example.com or phone 711-559-4624. Reports tightness in chest and shortness of breath. Hospital C record."
PAT-HOSPITAL_C-0372,50,F,172,98,300.0,80.6,1,134,0,0,"Patient Alice Smith (MRN-100372, SSN 128-96-8177) admitted at City Health Medical Center in Miami on 2026-03-23. Contact alice.smith@example.com or phone 555-853-8088. History of hypertension and dyspnea on exertion. Hospital C record."
PAT-HOSPITAL_C-0373,78,F,149,91,250.7,158.5,0,125,0,1,"Patient Alice Smith (MRN-100373, SSN 994-50-5347) admitted at St. Jude Hospital in San Francisco on 2026-06-24. Contact alice.smith@example.com or phone 488-211-6599. Presents with atypical chest discomfort radiating to left arm. Hospital C record."
PAT-HOSPITAL_C-0374,65,M,143,73,206.0,143.7,3,130,1,1,"Patient Robert Johnson (MRN-100374, SSN 757-25-3040) admitted at St. Jude Hospital in New York on 2026-02-15. Contact robert.johnson@example.com or phone 784-924-5698. Reports tightness in chest and shortness of breath. Hospital C record."
PAT-HOSPITAL_C-0375,58,F,136,74,218.7,94.9,2,109,0,0,"Patient Sarah Wilson (MRN-100375, SSN 359-39-3242) admitted at City Health Medical Center in Atlanta on 2026-06-11. Contact sarah.wilson@example.com or phone 896-906-2488. Experiencing acute exertional angina and mild dizziness. Hospital C record."
PAT-HOSPITAL_C-0376,48,F,120,99,171.4,96.7,2,151,0,0,"Patient Michael Brown (MRN-100376, SSN 285-23-5293) admitted at Mercy General Hospital in Boston on 2026-05-26. Contact michael.brown@example.com or phone 827-973-6834. Presents with atypical chest discomfort radiating to left arm. Hospital C record."
PAT-HOSPITAL_C-0377,37,F,142,101,282.5,83.2,1,172,0,0,"Patient Robert Johnson (MRN-100377, SSN 455-14-5199) admitted at City Health Medical Center in Boston on 2026-08-23. Contact robert.johnson@example.com or phone 965-524-6192. History of hypertension and dyspnea on exertion. Hospital C record."
PAT-HOSPITAL_C-0378,48,F,126,73,170.3,83.7,2,173,0,1,"Patient Michael Brown (MRN-100378, SSN 610-83-5837) admitted at St. Jude Hospital in Dallas on 2026-08-15. Contact michael.brown@example.com or phone 750-357-9542. Presents with atypical chest discomfort radiating to left arm. Hospital C record."
PAT-HOSPITAL_C-0379,42,F,166,73,281.1,130.6,2,177,1,1,"Patient David Taylor (MRN-100379, SSN 199-59-6665) admitted at St. Jude Hospital in Boston on 2026-02-25. Contact david.taylor@example.com or phone 694-818-6337. Presents with atypical chest discomfort radiating to left arm. Hospital C record."
PAT-HOSPITAL_C-0380,39,F,163,72,153.1,106.2,0,98,0,1,"Patient Michael Brown (MRN-100380, SSN 194-29-9693) admitted at Presbyterian Hospital in San Francisco on 2026-04-18. Contact michael.brown@example.com or phone 233-615-7463. Reports tightness in chest and shortness of breath. Hospital C record."
PAT-HOSPITAL_C-0381,49,M,171,79,199.6,143.5,2,181,0,0,"Patient Alice Smith (MRN-100381, SSN 379-82-4547) admitted at Mercy General Hospital in Boston on 2026-06-21. Contact alice.smith@example.com or phone 465-850-5720. Presents with atypical chest discomfort radiating to left arm. Hospital C record."
PAT-HOSPITAL_C-0382,79,M,136,95,318.7,109.3,0,125,0,0,"Patient Sarah Wilson (MRN-100382, SSN 449-31-5361) admitted at Mercy General Hospital in Boston on 2026-03-26. Contact sarah.wilson@example.com or phone 962-671-8704. Asymptomatic routine checkup with elevated blood pressure. Hospital C record."
PAT-HOSPITAL_C-0383,55,M,148,96,274.4,92.6,1,121,0,0,"Patient Robert Johnson (MRN-100383, SSN 510-10-9714) admitted at City Health Medical Center in Chicago on 2026-08-21. Contact robert.johnson@example.com or phone 382-886-1826. History of hypertension and dyspnea on exertion. Hospital C record."
PAT-HOSPITAL_C-0384,76,F,178,91,184.4,97.2,1,139,0,1,"Patient Robert Johnson (MRN-100384, SSN 110-35-1963) admitted at Presbyterian Hospital in San Francisco on 2026-04-12. Contact robert.johnson@example.com or phone 588-344-7577. Experiencing acute exertional angina and mild dizziness. Hospital C record."
PAT-HOSPITAL_C-0385,62,M,120,91,184.1,159.5,1,102,1,1,"Patient Emily Davis (MRN-100385, SSN 571-56-8147) admitted at Presbyterian Hospital in Miami on 2026-08-19. Contact emily.davis@example.com or phone 336-636-3738. History of hypertension and dyspnea on exertion. Hospital C record."
PAT-HOSPITAL_C-0386,57,M,145,71,153.0,91.3,3,169,0,1,"Patient Michael Brown (MRN-100386, SSN 292-75-6902) admitted at Mercy General Hospital in Miami on 2026-03-15. Contact michael.brown@example.com or phone 929-508-8579. Experiencing acute exertional angina and mild dizziness. Hospital C record."
PAT-HOSPITAL_C-0387,79,M,151,82,158.1,157.2,3,98,0,0,"Patient John Doe (MRN-100387, SSN 645-10-5583) admitted at St. Jude Hospital in San Francisco on 2026-05-22. Contact john.doe@example.com or phone 741-827-1388. Reports tightness in chest and shortness of breath. Hospital C record."
PAT-HOSPITAL_C-0388,75,M,168,81,300.4,119.5,3,171,0,0,"Patient Emily Davis (MRN-100388, SSN 687-27-2287) admitted at City Health Medical Center in New York on 2026-08-27. Contact emily.davis@example.com or phone 837-798-9101. Asymptomatic routine checkup with elevated blood pressure. Hospital C record."
PAT-HOSPITAL_C-0389,50,F,159,91,153.0,158.8,2,126,0,0,"Patient Emily Davis (MRN-100389, SSN 153-29-4079) admitted at City Health Medical Center in Atlanta on 2026-07-22. Contact emily.davis@example.com or phone 367-682-3723. Experiencing acute exertional angina and mild dizziness. Hospital C record."
PAT-HOSPITAL_C-0390,70,F,140,82,197.0,107.0,1,99,1,0,"Patient Alice Smith (MRN-100390, SSN 308-38-9287) admitted at St. Jude Hospital in New York on 2026-05-19. Contact alice.smith@example.com or phone 718-843-8615. Reports tightness in chest and shortness of breath. Hospital C record."
PAT-HOSPITAL_C-0391,57,M,151,82,282.2,139.5,0,96,0,0,"Patient Robert Johnson (MRN-100391, SSN 728-72-7501) admitted at Presbyterian Hospital in Boston on 2026-04-22. Contact robert.johnson@example.com or phone 719-220-2000. Presents with atypical chest discomfort radiating to left arm. Hospital C record."
PAT-HOSPITAL_C-0392,50,F,169,103,272.9,157.7,2,134,1,0,"Patient Alice Smith (MRN-100392, SSN 722-32-9612) admitted at City Health Medical Center in New York on 2026-08-19. Contact alice.smith@example.com or phone 588-984-3956. Experiencing acute exertional angina and mild dizziness. Hospital C record."
PAT-HOSPITAL_C-0393,46,F,125,79,211.8,96.0,2,187,0,0,"Patient David Taylor (MRN-100393, SSN 377-20-7005) admitted at St. Jude Hospital in Boston on 2026-01-17. Contact david.taylor@example.com or phone 884-488-2226. Reports tightness in chest and shortness of breath. Hospital C record."
PAT-HOSPITAL_C-0394,49,F,160,100,252.0,150.4,3,120,0,0,"Patient Michael Brown (MRN-100394, SSN 688-21-2543) admitted at Presbyterian Hospital in Dallas on 2026-08-21. Contact michael.brown@example.com or phone 224-911-5694. Experiencing acute exertional angina and mild dizziness. Hospital C record."
PAT-HOSPITAL_C-0395,35,M,173,90,299.9,104.6,3,186,0,0,"Patient David Taylor (MRN-100395, SSN 939-33-1413) admitted at Presbyterian Hospital in Boston on 2026-05-14. Contact david.taylor@example.com or phone 343-228-4902. Experiencing acute exertional angina and mild dizziness. Hospital C record."
PAT-HOSPITAL_C-0396,75,F,158,107,311.2,137.2,1,101,0,0,"Patient John Doe (MRN-100396, SSN 777-41-9354) admitted at Presbyterian Hospital in Seattle on 2026-05-12. Contact john.doe@example.com or phone 539-393-9959. Asymptomatic routine checkup with elevated blood pressure. Hospital C record."
PAT-HOSPITAL_C-0397,53,F,167,101,283.6,97.2,2,128,1,0,"Patient David Taylor (MRN-100397, SSN 449-46-2015) admitted at St. Jude Hospital in Boston on 2026-03-22. Contact david.taylor@example.com or phone 348-338-5175. History of hypertension and dyspnea on exertion. Hospital C record."
PAT-HOSPITAL_C-0398,75,M,127,71,220.2,148.0,1,182,0,0,"Patient David Taylor (MRN-100398, SSN 487-55-8383) admitted at St. Jude Hospital in Seattle on 2026-05-25. Contact david.taylor@example.com or phone 869-387-3610. Reports tightness in chest and shortness of breath. Hospital C record."
PAT-HOSPITAL_C-0399,62,F,164,89,226.9,98.1,2,92,1,1,"Patient David Taylor (MRN-100399, SSN 296-39-9403) admitted at City Health Medical Center in Miami on 2026-07-17. Contact david.taylor@example.com or phone 751-884-2116. Experiencing acute exertional angina and mild dizziness. Hospital C record."
PAT-HOSPITAL_C-0400,42,F,134,106,313.4,149.3,3,148,0,1,"Patient Laura Martinez (MRN-100400, SSN 155-21-1922) admitted at Mercy General Hospital in Atlanta on 2026-08-15. Contact laura.martinez@example.com or phone 601-930-9938. Presents with atypical chest discomfort radiating to left arm. Hospital C record."
PAT-HOSPITAL_C-0401,76,M,143,74,297.0,127.2,1,150,0,1,"Patient Sarah Wilson (MRN-100401, SSN 993-29-9486) admitted at Mercy General Hospital in San Francisco on 2026-05-11. Contact sarah.wilson@example.com or phone 350-680-2271. History of hypertension and dyspnea on exertion. Hospital C record."
PAT-HOSPITAL_C-0402,68,M,167,101,301.4,139.4,2,183,1,1,"Patient Alice Smith (MRN-100402, SSN 300-16-4489) admitted at Mercy General Hospital in Miami on 2026-04-25. Contact alice.smith@example.com or phone 981-814-5999. Experiencing acute exertional angina and mild dizziness. Hospital C record."
PAT-HOSPITAL_C-0403,40,M,149,86,151.7,121.1,3,112,1,1,"Patient Sarah Wilson (MRN-100403, SSN 108-13-6175) admitted at Mercy General Hospital in Seattle on 2026-01-10. Contact sarah.wilson@example.com or phone 923-450-2747. History of hypertension and dyspnea on exertion. Hospital C record."
PAT-HOSPITAL_C-0404,73,F,165,100,260.8,157.3,0,125,1,1,"Patient Sarah Wilson (MRN-100404, SSN 452-48-6783) admitted at City Health Medical Center in Atlanta on 2026-06-25. Contact sarah.wilson@example.com or phone 902-536-6569. Reports tightness in chest and shortness of breath. Hospital C record."
PAT-HOSPITAL_C-0405,60,F,141,83,164.9,140.1,3,95,1,1,"Patient Michael Brown (MRN-100405, SSN 438-98-2544) admitted at City Health Medical Center in Seattle on 2026-02-20. Contact michael.brown@example.com or phone 467-749-5933. Experiencing acute exertional angina and mild dizziness. Hospital C record."
PAT-HOSPITAL_C-0406,53,F,133,105,274.8,93.9,2,150,0,0,"Patient Emily Davis (MRN-100406, SSN 555-61-6876) admitted at St. Jude Hospital in New York on 2026-02-27. Contact emily.davis@example.com or phone 956-984-6098. History of hypertension and dyspnea on exertion. Hospital C record."
PAT-HOSPITAL_C-0407,74,F,138,81,282.8,92.4,0,142,0,0,"Patient John Doe (MRN-100407, SSN 215-39-7428) admitted at St. Jude Hospital in Seattle on 2026-02-10. Contact john.doe@example.com or phone 965-953-4835. Presents with atypical chest discomfort radiating to left arm. Hospital C record."
PAT-HOSPITAL_C-0408,60,F,115,76,202.5,126.5,1,102,0,0,"Patient John Doe (MRN-100408, SSN 568-49-1284) admitted at Presbyterian Hospital in Atlanta on 2026-08-23. Contact john.doe@example.com or phone 349-500-4291. History of hypertension and dyspnea on exertion. Hospital C record."
PAT-HOSPITAL_C-0409,64,F,128,102,189.3,134.6,3,100,0,0,"Patient Michael Brown (MRN-100409, SSN 952-80-4823) admitted at Mercy General Hospital in New York on 2026-04-20. Contact michael.brown@example.com or phone 375-296-4132. Reports tightness in chest and shortness of breath. Hospital C record."
PAT-HOSPITAL_C-0410,63,M,111,74,253.7,153.6,0,149,0,0,"Patient John Doe (MRN-100410, SSN 794-65-5605) admitted at Mercy General Hospital in Chicago on 2026-07-14. Contact john.doe@example.com or phone 934-242-1553. History of hypertension and dyspnea on exertion. Hospital C record."
PAT-HOSPITAL_C-0411,66,F,171,108,218.7,84.9,2,114,0,0,"Patient Robert Johnson (MRN-100411, SSN 745-53-7920) admitted at City Health Medical Center in Atlanta on 2026-04-22. Contact robert.johnson@example.com or phone 927-466-1232. Experiencing acute exertional angina and mild dizziness. Hospital C record."
PAT-HOSPITAL_C-0412,43,M,147,72,212.7,126.7,3,149,0,1,"Patient Robert Johnson (MRN-100412, SSN 552-91-6652) admitted at City Health Medical Center in Chicago on 2026-01-10. Contact robert.johnson@example.com or phone 945-373-9684. History of hypertension and dyspnea on exertion. Hospital C record."
PAT-HOSPITAL_C-0413,42,M,172,76,181.6,114.1,3,173,0,0,"Patient John Doe (MRN-100413, SSN 583-67-6031) admitted at Mercy General Hospital in San Francisco on 2026-01-17. Contact john.doe@example.com or phone 972-348-1689. Experiencing acute exertional angina and mild dizziness. Hospital C record."
PAT-HOSPITAL_C-0414,76,F,133,95,228.1,87.9,1,161,0,0,"Patient Alice Smith (MRN-100414, SSN 482-30-9234) admitted at St. Jude Hospital in Atlanta on 2026-05-25. Contact alice.smith@example.com or phone 571-880-5275. History of hypertension and dyspnea on exertion. Hospital C record."
PAT-HOSPITAL_C-0415,58,M,138,74,274.5,80.9,3,185,0,0,"Patient David Taylor (MRN-100415, SSN 874-96-1125) admitted at City Health Medical Center in Dallas on 2026-06-15. Contact david.taylor@example.com or phone 796-253-7313. Reports tightness in chest and shortness of breath. Hospital C record."
PAT-HOSPITAL_C-0416,68,M,154,82,243.4,96.8,0,145,1,1,"Patient John Doe (MRN-100416, SSN 744-54-9397) admitted at City Health Medical Center in Dallas on 2026-08-25. Contact john.doe@example.com or phone 428-407-9369. Asymptomatic routine checkup with elevated blood pressure. Hospital C record."
PAT-HOSPITAL_C-0417,37,M,165,102,313.0,86.2,0,163,0,0,"Patient David Taylor (MRN-100417, SSN 767-42-3546) admitted at Mercy General Hospital in Chicago on 2026-07-27. Contact david.taylor@example.com or phone 378-220-3066. Experiencing acute exertional angina and mild dizziness. Hospital C record."
PAT-HOSPITAL_C-0418,48,F,118,108,263.5,141.2,3,142,0,1,"Patient Alice Smith (MRN-100418, SSN 689-41-6623) admitted at Mercy General Hospital in San Francisco on 2026-06-12. Contact alice.smith@example.com or phone 537-715-3319. History of hypertension and dyspnea on exertion. Hospital C record."
PAT-HOSPITAL_C-0419,79,F,131,99,161.4,137.4,3,100,0,0,"Patient Robert Johnson (MRN-100419, SSN 805-64-9003) admitted at St. Jude Hospital in Atlanta on 2026-05-24. Contact robert.johnson@example.com or phone 281-947-4842. Presents with atypical chest discomfort radiating to left arm. Hospital C record."
PAT-HOSPITAL_C-0420,64,M,154,76,310.6,114.5,3,135,0,0,"Patient Emily Davis (MRN-100420, SSN 454-61-8357) admitted at Mercy General Hospital in Boston on 2026-02-12. Contact emily.davis@example.com or phone 204-655-9136. Presents with atypical chest discomfort radiating to left arm. Hospital C record."
PAT-HOSPITAL_C-0421,44,M,132,76,303.8,150.3,0,184,0,0,"Patient Robert Johnson (MRN-100421, SSN 493-74-1205) admitted at Presbyterian Hospital in Miami on 2026-02-19. Contact robert.johnson@example.com or phone 396-379-5450. History of hypertension and dyspnea on exertion. Hospital C record."
PAT-HOSPITAL_C-0422,61,F,130,73,282.3,120.4,1,184,1,0,"Patient Sarah Wilson (MRN-100422, SSN 286-81-9373) admitted at Mercy General Hospital in Dallas on 2026-05-25. Contact sarah.wilson@example.com or phone 603-861-9625. Presents with atypical chest discomfort radiating to left arm. Hospital C record."
PAT-HOSPITAL_C-0423,59,M,163,70,302.6,137.6,3,169,0,1,"Patient Laura Martinez (MRN-100423, SSN 659-12-9100) admitted at City Health Medical Center in Seattle on 2026-05-24. Contact laura.martinez@example.com or phone 483-982-1667. Asymptomatic routine checkup with elevated blood pressure. Hospital C record."
PAT-HOSPITAL_C-0424,67,M,161,71,246.7,134.0,0,117,1,0,"Patient Laura Martinez (MRN-100424, SSN 790-71-1153) admitted at Mercy General Hospital in Seattle on 2026-06-27. Contact laura.martinez@example.com or phone 827-803-8664. Experiencing acute exertional angina and mild dizziness. Hospital C record."
PAT-HOSPITAL_C-0425,60,M,166,99,270.4,122.4,1,148,0,0,"Patient John Doe (MRN-100425, SSN 502-93-6280) admitted at Mercy General Hospital in Atlanta on 2026-02-13. Contact john.doe@example.com or phone 939-413-9494. Experiencing acute exertional angina and mild dizziness. Hospital C record."
PAT-HOSPITAL_C-0426,54,F,133,88,213.8,119.6,2,113,0,0,"Patient Emily Davis (MRN-100426, SSN 784-27-6228) admitted at St. Jude Hospital in Dallas on 2026-03-20. Contact emily.davis@example.com or phone 369-881-3271. Presents with atypical chest discomfort radiating to left arm. Hospital C record."
PAT-HOSPITAL_C-0427,42,F,155,105,318.2,118.4,2,163,0,1,"Patient Sarah Wilson (MRN-100427, SSN 959-94-7285) admitted at Presbyterian Hospital in Atlanta on 2026-04-14. Contact sarah.wilson@example.com or phone 755-381-5977. Reports tightness in chest and shortness of breath. Hospital C record."
PAT-HOSPITAL_C-0428,55,F,153,107,282.2,141.7,0,159,0,1,"Patient Alice Smith (MRN-100428, SSN 877-97-4663) admitted at City Health Medical Center in Boston on 2026-02-21. Contact alice.smith@example.com or phone 260-410-5742. Presents with atypical chest discomfort radiating to left arm. Hospital C record."
PAT-HOSPITAL_C-0429,60,F,162,81,233.0,147.8,3,134,0,1,"Patient Robert Johnson (MRN-100429, SSN 807-53-8578) admitted at Presbyterian Hospital in Dallas on 2026-06-26. Contact robert.johnson@example.com or phone 750-224-3828. Presents with atypical chest discomfort radiating to left arm. Hospital C record."
PAT-HOSPITAL_C-0430,69,M,141,90,271.4,119.6,1,144,0,1,"Patient David Taylor (MRN-100430, SSN 257-30-5112) admitted at Presbyterian Hospital in Miami on 2026-01-22. Contact david.taylor@example.com or phone 511-833-3527. History of hypertension and dyspnea on exertion. Hospital C record."
PAT-HOSPITAL_C-0431,44,F,148,96,315.0,148.8,0,93,0,0,"Patient Laura Martinez (MRN-100431, SSN 620-33-6867) admitted at City Health Medical Center in Boston on 2026-05-18. Contact laura.martinez@example.com or phone 220-685-8360. Presents with atypical chest discomfort radiating to left arm. Hospital C record."
PAT-HOSPITAL_C-0432,48,F,166,76,287.0,94.6,3,133,0,0,"Patient Robert Johnson (MRN-100432, SSN 699-56-9073) admitted at Mercy General Hospital in Seattle on 2026-06-15. Contact robert.johnson@example.com or phone 330-482-8615. Experiencing acute exertional angina and mild dizziness. Hospital C record."
PAT-HOSPITAL_C-0433,44,F,166,79,272.7,137.2,2,113,0,1,"Patient Robert Johnson (MRN-100433, SSN 395-69-3247) admitted at Mercy General Hospital in Chicago on 2026-05-26. Contact robert.johnson@example.com or phone 788-205-6810. History of hypertension and dyspnea on exertion. Hospital C record."
PAT-HOSPITAL_C-0434,71,M,138,76,216.6,88.8,0,179,0,1,"Patient Michael Brown (MRN-100434, SSN 370-62-3667) admitted at City Health Medical Center in Dallas on 2026-06-22. Contact michael.brown@example.com or phone 403-940-2962. History of hypertension and dyspnea on exertion. Hospital C record."
PAT-HOSPITAL_C-0435,62,F,172,80,303.2,81.8,3,131,1,0,"Patient Robert Johnson (MRN-100435, SSN 200-67-1447) admitted at Presbyterian Hospital in New York on 2026-07-22. Contact robert.johnson@example.com or phone 287-983-8566. Experiencing acute exertional angina and mild dizziness. Hospital C record."
PAT-HOSPITAL_C-0436,75,M,173,84,265.5,156.3,0,135,0,0,"Patient David Taylor (MRN-100436, SSN 636-84-8235) admitted at City Health Medical Center in San Francisco on 2026-01-12. Contact david.taylor@example.com or phone 227-452-7636. Asymptomatic routine checkup with elevated blood pressure. Hospital C record."
PAT-HOSPITAL_C-0437,42,M,167,103,184.4,101.1,1,94,0,1,"Patient Laura Martinez (MRN-100437, SSN 130-50-7738) admitted at Mercy General Hospital in Dallas on 2026-05-22. Contact laura.martinez@example.com or phone 378-426-3870. Presents with atypical chest discomfort radiating to left arm. Hospital C record."
PAT-HOSPITAL_C-0438,47,F,136,103,169.0,96.0,3,155,0,1,"Patient Robert Johnson (MRN-100438, SSN 660-88-9096) admitted at St. Jude Hospital in Seattle on 2026-02-14. Contact robert.johnson@example.com or phone 806-217-9964. Reports tightness in chest and shortness of breath. Hospital C record."
PAT-HOSPITAL_C-0439,69,M,129,108,286.6,138.1,1,117,1,0,"Patient Michael Brown (MRN-100439, SSN 474-46-7764) admitted at City Health Medical Center in Seattle on 2026-04-10. Contact michael.brown@example.com or phone 920-938-2837. Presents with atypical chest discomfort radiating to left arm. Hospital C record."
PAT-HOSPITAL_C-0440,42,F,172,87,181.0,118.7,0,190,1,1,"Patient Sarah Wilson (MRN-100440, SSN 552-33-6941) admitted at Mercy General Hospital in San Francisco on 2026-08-26. Contact sarah.wilson@example.com or phone 933-455-4415. History of hypertension and dyspnea on exertion. Hospital C record."
PAT-HOSPITAL_C-0441,58,F,159,105,227.1,151.0,0,143,0,1,"Patient David Taylor (MRN-100441, SSN 655-56-3047) admitted at City Health Medical Center in Miami on 2026-04-13. Contact david.taylor@example.com or phone 752-609-7243. History of hypertension and dyspnea on exertion. Hospital C record."
PAT-HOSPITAL_C-0442,47,F,124,79,297.8,158.1,0,97,0,0,"Patient Emily Davis (MRN-100442, SSN 119-46-5182) admitted at Mercy General Hospital in Atlanta on 2026-08-14. Contact emily.davis@example.com or phone 842-806-7534. History of hypertension and dyspnea on exertion. Hospital C record."
PAT-HOSPITAL_C-0443,57,M,144,89,212.5,152.8,2,194,0,1,"Patient Robert Johnson (MRN-100443, SSN 979-76-7140) admitted at Presbyterian Hospital in New York on 2026-08-18. Contact robert.johnson@example.com or phone 730-941-3737. Asymptomatic routine checkup with elevated blood pressure. Hospital C record."
PAT-HOSPITAL_C-0444,35,M,176,97,227.5,133.0,0,155,0,0,"Patient Sarah Wilson (MRN-100444, SSN 406-53-6130) admitted at Mercy General Hospital in Boston on 2026-01-25. Contact sarah.wilson@example.com or phone 893-848-9362. History of hypertension and dyspnea on exertion. Hospital C record."
PAT-HOSPITAL_C-0445,59,F,159,99,203.0,130.5,2,120,0,0,"Patient Laura Martinez (MRN-100445, SSN 271-65-4842) admitted at City Health Medical Center in Boston on 2026-01-14. Contact laura.martinez@example.com or phone 310-405-9603. Experiencing acute exertional angina and mild dizziness. Hospital C record."
PAT-HOSPITAL_C-0446,70,M,173,94,183.4,118.7,1,162,0,1,"Patient Emily Davis (MRN-100446, SSN 187-54-8120) admitted at Mercy General Hospital in Boston on 2026-07-14. Contact emily.davis@example.com or phone 434-864-5849. History of hypertension and dyspnea on exertion. Hospital C record."
PAT-HOSPITAL_C-0447,49,M,111,77,202.0,149.4,1,170,0,0,"Patient Robert Johnson (MRN-100447, SSN 614-21-7086) admitted at City Health Medical Center in Miami on 2026-04-19. Contact robert.johnson@example.com or phone 310-618-6376. Presents with atypical chest discomfort radiating to left arm. Hospital C record."
PAT-HOSPITAL_C-0448,37,F,135,87,291.8,151.9,1,109,0,0,"Patient Michael Brown (MRN-100448, SSN 552-12-2343) admitted at St. Jude Hospital in San Francisco on 2026-05-16. Contact michael.brown@example.com or phone 493-979-5091. Asymptomatic routine checkup with elevated blood pressure. Hospital C record."
PAT-HOSPITAL_C-0449,59,F,169,102,222.4,153.3,3,170,1,1,"Patient Emily Davis (MRN-100449, SSN 696-47-7825) admitted at Presbyterian Hospital in Atlanta on 2026-05-16. Contact emily.davis@example.com or phone 907-443-4752. History of hypertension and dyspnea on exertion. Hospital C record."
PAT-HOSPITAL_C-0450,49,M,169,100,197.5,105.3,3,190,1,1,"Patient Laura Martinez (MRN-100450, SSN 855-84-2208) admitted at St. Jude Hospital in New York on 2026-07-25. Contact laura.martinez@example.com or phone 924-884-4382. Presents with atypical chest discomfort radiating to left arm. Hospital C record."
PAT-HOSPITAL_C-0451,74,M,138,105,289.8,113.4,2,92,0,1,"Patient John Doe (MRN-100451, SSN 296-76-9311) admitted at Presbyterian Hospital in Dallas on 2026-04-15. Contact john.doe@example.com or phone 209-755-9025. History of hypertension and dyspnea on exertion. Hospital C record."
PAT-HOSPITAL_C-0452,54,F,139,85,168.3,81.0,0,178,0,0,"Patient Alice Smith (MRN-100452, SSN 650-61-6387) admitted at City Health Medical Center in Seattle on 2026-08-17. Contact alice.smith@example.com or phone 479-473-3526. Reports tightness in chest and shortness of breath. Hospital C record."
PAT-HOSPITAL_C-0453,52,M,149,80,184.1,136.4,3,143,0,1,"Patient David Taylor (MRN-100453, SSN 100-11-9654) admitted at Mercy General Hospital in San Francisco on 2026-03-25. Contact david.taylor@example.com or phone 268-353-1716. Presents with atypical chest discomfort radiating to left arm. Hospital C record."
PAT-HOSPITAL_C-0454,49,M,149,79,181.1,90.2,3,159,1,0,"Patient Robert Johnson (MRN-100454, SSN 178-55-7432) admitted at Mercy General Hospital in Seattle on 2026-04-24. Contact robert.johnson@example.com or phone 832-358-7326. History of hypertension and dyspnea on exertion. Hospital C record."
PAT-HOSPITAL_C-0455,60,F,128,103,244.0,95.6,1,149,0,0,"Patient Michael Brown (MRN-100455, SSN 470-15-5165) admitted at Presbyterian Hospital in Dallas on 2026-01-20. Contact michael.brown@example.com or phone 473-395-2351. Asymptomatic routine checkup with elevated blood pressure. Hospital C record."
PAT-HOSPITAL_C-0456,60,M,131,104,249.4,82.3,2,116,1,0,"Patient Alice Smith (MRN-100456, SSN 558-64-5011) admitted at Presbyterian Hospital in Chicago on 2026-01-19. Contact alice.smith@example.com or phone 553-897-1966. Presents with atypical chest discomfort radiating to left arm. Hospital C record."
PAT-HOSPITAL_C-0457,67,M,173,86,167.1,119.5,1,186,0,1,"Patient Alice Smith (MRN-100457, SSN 404-80-9940) admitted at City Health Medical Center in Atlanta on 2026-03-13. Contact alice.smith@example.com or phone 537-437-2358. Experiencing acute exertional angina and mild dizziness. Hospital C record."
PAT-HOSPITAL_C-0458,61,M,132,76,271.7,105.8,3,129,0,1,"Patient Michael Brown (MRN-100458, SSN 434-26-6733) admitted at City Health Medical Center in Miami on 2026-07-22. Contact michael.brown@example.com or phone 986-348-7017. Experiencing acute exertional angina and mild dizziness. Hospital C record."
PAT-HOSPITAL_C-0459,73,F,147,93,296.1,112.4,1,188,0,0,"Patient David Taylor (MRN-100459, SSN 511-38-7337) admitted at City Health Medical Center in Miami on 2026-01-25. Contact david.taylor@example.com or phone 533-806-5092. Experiencing acute exertional angina and mild dizziness. Hospital C record."
PAT-HOSPITAL_C-0460,66,F,179,81,244.4,140.4,0,111,0,1,"Patient Alice Smith (MRN-100460, SSN 875-35-7649) admitted at Presbyterian Hospital in New York on 2026-08-18. Contact alice.smith@example.com or phone 890-599-5388. Asymptomatic routine checkup with elevated blood pressure. Hospital C record."
PAT-HOSPITAL_C-0461,65,M,131,108,177.1,125.0,0,187,0,0,"Patient Alice Smith (MRN-100461, SSN 938-28-9550) admitted at City Health Medical Center in Atlanta on 2026-04-26. Contact alice.smith@example.com or phone 991-305-9859. Presents with atypical chest discomfort radiating to left arm. Hospital C record."
PAT-HOSPITAL_C-0462,71,F,134,109,262.8,109.1,0,149,0,0,"Patient Robert Johnson (MRN-100462, SSN 266-79-1987) admitted at Presbyterian Hospital in Boston on 2026-05-10. Contact robert.johnson@example.com or phone 950-383-6851. Reports tightness in chest and shortness of breath. Hospital C record."
PAT-HOSPITAL_C-0463,44,F,138,77,286.2,131.8,1,146,0,0,"Patient John Doe (MRN-100463, SSN 221-87-3246) admitted at City Health Medical Center in Atlanta on 2026-03-16. Contact john.doe@example.com or phone 845-487-4264. History of hypertension and dyspnea on exertion. Hospital C record."
PAT-HOSPITAL_C-0464,40,M,115,87,228.7,157.1,0,121,0,0,"Patient Emily Davis (MRN-100464, SSN 114-54-5767) admitted at City Health Medical Center in Seattle on 2026-03-17. Contact emily.davis@example.com or phone 473-250-3660. Asymptomatic routine checkup with elevated blood pressure. Hospital C record."
PAT-HOSPITAL_C-0465,53,M,179,94,183.7,140.9,0,173,0,0,"Patient Michael Brown (MRN-100465, SSN 615-75-6227) admitted at St. Jude Hospital in Dallas on 2026-01-15. Contact michael.brown@example.com or phone 977-270-1713. Reports tightness in chest and shortness of breath. Hospital C record."
PAT-HOSPITAL_C-0466,47,F,132,76,244.1,95.7,1,128,1,0,"Patient Alice Smith (MRN-100466, SSN 273-70-4859) admitted at Presbyterian Hospital in San Francisco on 2026-03-25. Contact alice.smith@example.com or phone 659-525-1785. Presents with atypical chest discomfort radiating to left arm. Hospital C record."
PAT-HOSPITAL_C-0467,71,M,161,99,231.8,80.2,0,142,0,0,"Patient Michael Brown (MRN-100467, SSN 524-48-6922) admitted at City Health Medical Center in New York on 2026-06-20. Contact michael.brown@example.com or phone 986-832-4039. Presents with atypical chest discomfort radiating to left arm. Hospital C record."
PAT-HOSPITAL_C-0468,63,M,125,108,294.9,81.0,2,124,0,0,"Patient David Taylor (MRN-100468, SSN 788-37-8684) admitted at St. Jude Hospital in Boston on 2026-08-22. Contact david.taylor@example.com or phone 879-622-3101. History of hypertension and dyspnea on exertion. Hospital C record."
PAT-HOSPITAL_C-0469,69,F,170,87,159.1,88.0,1,153,0,0,"Patient Sarah Wilson (MRN-100469, SSN 309-80-5145) admitted at City Health Medical Center in Miami on 2026-04-11. Contact sarah.wilson@example.com or phone 823-620-6528. Asymptomatic routine checkup with elevated blood pressure. Hospital C record."
PAT-HOSPITAL_C-0470,41,F,138,73,246.2,149.7,2,157,1,0,"Patient Michael Brown (MRN-100470, SSN 404-18-6181) admitted at Presbyterian Hospital in Boston on 2026-06-27. Contact michael.brown@example.com or phone 857-783-8321. Experiencing acute exertional angina and mild dizziness. Hospital C record."
PAT-HOSPITAL_C-0471,75,M,167,99,164.0,85.7,3,92,0,0,"Patient Michael Brown (MRN-100471, SSN 435-97-7735) admitted at St. Jude Hospital in Seattle on 2026-01-20. Contact michael.brown@example.com or phone 848-475-4084. Asymptomatic routine checkup with elevated blood pressure. Hospital C record."
PAT-HOSPITAL_C-0472,49,F,112,109,268.5,122.7,1,175,0,1,"Patient Sarah Wilson (MRN-100472, SSN 222-70-2538) admitted at Presbyterian Hospital in Miami on 2026-07-18. Contact sarah.wilson@example.com or phone 801-694-6415. History of hypertension and dyspnea on exertion. Hospital C record."
PAT-HOSPITAL_C-0473,76,F,144,74,177.8,80.5,1,147,0,1,"Patient Robert Johnson (MRN-100473, SSN 966-25-2956) admitted at City Health Medical Center in Dallas on 2026-04-21. Contact robert.johnson@example.com or phone 562-930-4614. History of hypertension and dyspnea on exertion. Hospital C record."
PAT-HOSPITAL_C-0474,75,M,134,72,209.6,122.7,0,99,1,0,"Patient Emily Davis (MRN-100474, SSN 986-26-5050) admitted at St. Jude Hospital in San Francisco on 2026-05-27. Contact emily.davis@example.com or phone 216-267-3302. Presents with atypical chest discomfort radiating to left arm. Hospital C record."
PAT-HOSPITAL_C-0475,77,M,154,94,252.8,102.5,1,131,0,0,"Patient Emily Davis (MRN-100475, SSN 196-25-3529) admitted at City Health Medical Center in Atlanta on 2026-03-11. Contact emily.davis@example.com or phone 791-674-2963. Reports tightness in chest and shortness of breath. Hospital C record."
PAT-HOSPITAL_C-0476,54,F,123,99,175.8,99.7,2,159,0,0,"Patient Laura Martinez (MRN-100476, SSN 663-86-9538) admitted at St. Jude Hospital in Atlanta on 2026-02-14. Contact laura.martinez@example.com or phone 967-303-3672. Experiencing acute exertional angina and mild dizziness. Hospital C record."
PAT-HOSPITAL_C-0477,35,F,153,83,246.5,95.6,3,179,0,0,"Patient Michael Brown (MRN-100477, SSN 154-91-6832) admitted at Presbyterian Hospital in Seattle on 2026-08-21. Contact michael.brown@example.com or phone 374-534-8945. Asymptomatic routine checkup with elevated blood pressure. Hospital C record."
PAT-HOSPITAL_C-0478,75,F,143,101,273.9,122.0,0,164,0,1,"Patient Michael Brown (MRN-100478, SSN 422-79-3674) admitted at Presbyterian Hospital in Boston on 2026-07-24. Contact michael.brown@example.com or phone 295-956-6301. Reports tightness in chest and shortness of breath. Hospital C record."
PAT-HOSPITAL_C-0479,73,F,179,85,241.7,126.1,3,137,1,1,"Patient Michael Brown (MRN-100479, SSN 940-27-7550) admitted at Presbyterian Hospital in Chicago on 2026-08-13. Contact michael.brown@example.com or phone 791-910-4992. Experiencing acute exertional angina and mild dizziness. Hospital C record."
PAT-HOSPITAL_C-0480,77,M,124,78,171.3,158.3,3,175,1,0,"Patient David Taylor (MRN-100480, SSN 393-84-1481) admitted at Mercy General Hospital in Chicago on 2026-04-24. Contact david.taylor@example.com or phone 698-364-4004. Presents with atypical chest discomfort radiating to left arm. Hospital C record."
PAT-HOSPITAL_C-0481,77,M,126,83,273.9,124.8,1,157,0,1,"Patient Laura Martinez (MRN-100481, SSN 399-51-3257) admitted at Presbyterian Hospital in San Francisco on 2026-03-24. Contact laura.martinez@example.com or phone 944-440-9580. Asymptomatic routine checkup with elevated blood pressure. Hospital C record."
PAT-HOSPITAL_C-0482,60,M,122,109,151.7,142.7,0,104,0,0,"Patient Laura Martinez (MRN-100482, SSN 957-85-8218) admitted at St. Jude Hospital in Seattle on 2026-08-25. Contact laura.martinez@example.com or phone 316-488-3875. History of hypertension and dyspnea on exertion. Hospital C record."
PAT-HOSPITAL_C-0483,76,M,177,103,310.4,147.3,2,137,0,1,"Patient David Taylor (MRN-100483, SSN 322-95-9942) admitted at Presbyterian Hospital in New York on 2026-02-18. Contact david.taylor@example.com or phone 728-941-4394. Reports tightness in chest and shortness of breath. Hospital C record."
PAT-HOSPITAL_C-0484,50,M,170,109,156.4,85.8,1,165,1,0,"Patient Robert Johnson (MRN-100484, SSN 593-59-1242) admitted at Presbyterian Hospital in Dallas on 2026-02-12. Contact robert.johnson@example.com or phone 657-700-6047. History of hypertension and dyspnea on exertion. Hospital C record."
PAT-HOSPITAL_C-0485,38,M,137,83,286.5,81.5,2,180,0,0,"Patient Sarah Wilson (MRN-100485, SSN 570-59-2686) admitted at St. Jude Hospital in Chicago on 2026-05-18. Contact sarah.wilson@example.com or phone 638-626-3806. Asymptomatic routine checkup with elevated blood pressure. Hospital C record."
PAT-HOSPITAL_C-0486,40,M,176,77,215.3,131.9,1,146,0,1,"Patient David Taylor (MRN-100486, SSN 159-47-4168) admitted at Presbyterian Hospital in Boston on 2026-06-23. Contact david.taylor@example.com or phone 452-892-3316. History of hypertension and dyspnea on exertion. Hospital C record."
PAT-HOSPITAL_C-0487,54,F,134,102,258.3,139.6,3,162,0,1,"Patient Michael Brown (MRN-100487, SSN 188-74-4701) admitted at Presbyterian Hospital in New York on 2026-06-16. Contact michael.brown@example.com or phone 256-567-5907. Asymptomatic routine checkup with elevated blood pressure. Hospital C record."
PAT-HOSPITAL_C-0488,48,M,167,96,317.2,137.2,2,131,0,1,"Patient Emily Davis (MRN-100488, SSN 610-47-4986) admitted at Presbyterian Hospital in Dallas on 2026-06-24. Contact emily.davis@example.com or phone 386-760-9920. Experiencing acute exertional angina and mild dizziness. Hospital C record."
PAT-HOSPITAL_C-0489,64,F,115,72,219.5,120.1,2,136,0,1,"Patient Michael Brown (MRN-100489, SSN 817-23-1297) admitted at St. Jude Hospital in Seattle on 2026-08-17. Contact michael.brown@example.com or phone 386-791-5426. Asymptomatic routine checkup with elevated blood pressure. Hospital C record."
PAT-HOSPITAL_C-0490,62,M,111,72,277.3,123.3,1,132,0,1,"Patient Laura Martinez (MRN-100490, SSN 565-95-3837) admitted at Mercy General Hospital in San Francisco on 2026-02-21. Contact laura.martinez@example.com or phone 436-721-6056. Asymptomatic routine checkup with elevated blood pressure. Hospital C record."
PAT-HOSPITAL_C-0491,56,M,116,93,254.3,100.4,1,130,0,0,"Patient Michael Brown (MRN-100491, SSN 934-52-1623) admitted at Presbyterian Hospital in Boston on 2026-06-24. Contact michael.brown@example.com or phone 837-546-2193. Experiencing acute exertional angina and mild dizziness. Hospital C record."
PAT-HOSPITAL_C-0492,57,M,178,81,160.6,103.2,1,142,0,1,"Patient Robert Johnson (MRN-100492, SSN 727-23-7636) admitted at Mercy General Hospital in Atlanta on 2026-04-16. Contact robert.johnson@example.com or phone 758-323-8847. Experiencing acute exertional angina and mild dizziness. Hospital C record."
PAT-HOSPITAL_C-0493,79,M,141,77,275.5,145.8,0,142,0,1,"Patient Emily Davis (MRN-100493, SSN 248-21-6531) admitted at Mercy General Hospital in Miami on 2026-06-12. Contact emily.davis@example.com or phone 620-623-9409. Reports tightness in chest and shortness of breath. Hospital C record."
PAT-HOSPITAL_C-0494,39,M,122,101,194.7,90.3,2,134,1,0,"Patient John Doe (MRN-100494, SSN 353-21-2333) admitted at St. Jude Hospital in New York on 2026-05-20. Contact john.doe@example.com or phone 291-476-1457. History of hypertension and dyspnea on exertion. Hospital C record."
PAT-HOSPITAL_C-0495,66,M,111,94,267.5,158.7,0,101,0,0,"Patient Emily Davis (MRN-100495, SSN 818-86-3357) admitted at Mercy General Hospital in Atlanta on 2026-03-20. Contact emily.davis@example.com or phone 876-302-5326. Reports tightness in chest and shortness of breath. Hospital C record."
PAT-HOSPITAL_C-0496,42,F,143,97,316.2,91.8,1,140,0,1,"Patient Laura Martinez (MRN-100496, SSN 918-41-8603) admitted at Mercy General Hospital in Boston on 2026-07-17. Contact laura.martinez@example.com or phone 413-630-2390. Presents with atypical chest discomfort radiating to left arm. Hospital C record."
PAT-HOSPITAL_C-0497,67,F,141,70,159.4,123.4,1,134,0,0,"Patient Michael Brown (MRN-100497, SSN 237-13-4243) admitted at Mercy General Hospital in Dallas on 2026-04-11. Contact michael.brown@example.com or phone 503-479-6423. Presents with atypical chest discomfort radiating to left arm. Hospital C record."
PAT-HOSPITAL_C-0498,67,M,128,109,174.0,110.5,1,116,1,1,"Patient Sarah Wilson (MRN-100498, SSN 243-79-7624) admitted at City Health Medical Center in San Francisco on 2026-08-24. Contact sarah.wilson@example.com or phone 316-763-2196. Presents with atypical chest discomfort radiating to left arm. Hospital C record."
PAT-HOSPITAL_C-0499,71,F,158,99,150.1,142.2,1,192,0,0,"Patient John Doe (MRN-100499, SSN 281-39-4906) admitted at Mercy General Hospital in Chicago on 2026-07-20. Contact john.doe@example.com or phone 564-470-1738. Experiencing acute exertional angina and mild dizziness. Hospital C record."
PAT-HOSPITAL_C-0500,68,F,112,102,285.4,146.2,2,99,0,0,"Patient Laura Martinez (MRN-100500, SSN 588-35-7170) admitted at St. Jude Hospital in Miami on 2026-04-16. Contact laura.martinez@example.com or phone 252-868-6571. Reports tightness in chest and shortness of breath. Hospital C record."
PAT-HOSPITAL_C-0501,75,M,119,74,312.3,153.7,3,102,0,1,"Patient John Doe (MRN-100501, SSN 401-44-9504) admitted at St. Jude Hospital in Miami on 2026-04-21. Contact john.doe@example.com or phone 340-893-2853. Asymptomatic routine checkup with elevated blood pressure. Hospital C record."
PAT-HOSPITAL_C-0502,44,F,116,79,217.1,135.3,2,108,1,1,"Patient Robert Johnson (MRN-100502, SSN 711-26-7954) admitted at Presbyterian Hospital in New York on 2026-06-26. Contact robert.johnson@example.com or phone 252-897-4701. Asymptomatic routine checkup with elevated blood pressure. Hospital C record."
PAT-HOSPITAL_C-0503,70,M,124,74,220.3,137.9,3,127,0,0,"Patient Robert Johnson (MRN-100503, SSN 918-56-5875) admitted at St. Jude Hospital in Miami on 2026-05-27. Contact robert.johnson@example.com or phone 731-458-2584. Reports tightness in chest and shortness of breath. Hospital C record."
PAT-HOSPITAL_C-0504,71,M,131,92,236.6,138.1,2,172,0,0,"Patient Sarah Wilson (MRN-100504, SSN 726-14-3976) admitted at Presbyterian Hospital in New York on 2026-03-10. Contact sarah.wilson@example.com or phone 500-249-8806. Experiencing acute exertional angina and mild dizziness. Hospital C record."
PAT-HOSPITAL_C-0505,53,M,132,77,260.2,126.2,1,99,1,1,"Patient Emily Davis (MRN-100505, SSN 606-65-3262) admitted at St. Jude Hospital in Miami on 2026-04-11. Contact emily.davis@example.com or phone 592-819-8222. Experiencing acute exertional angina and mild dizziness. Hospital C record."
PAT-HOSPITAL_C-0506,50,F,119,89,215.6,121.0,2,150,0,1,"Patient Emily Davis (MRN-100506, SSN 536-11-7091) admitted at Presbyterian Hospital in Seattle on 2026-07-11. Contact emily.davis@example.com or phone 610-289-9611. Experiencing acute exertional angina and mild dizziness. Hospital C record."
PAT-HOSPITAL_C-0507,38,M,171,88,173.2,113.7,1,114,0,1,"Patient John Doe (MRN-100507, SSN 684-98-1209) admitted at St. Jude Hospital in Seattle on 2026-03-24. Contact john.doe@example.com or phone 917-835-9415. History of hypertension and dyspnea on exertion. Hospital C record."
PAT-HOSPITAL_C-0508,55,M,124,71,271.9,153.9,0,180,0,0,"Patient Sarah Wilson (MRN-100508, SSN 805-17-5165) admitted at City Health Medical Center in Seattle on 2026-01-19. Contact sarah.wilson@example.com or phone 660-707-8549. History of hypertension and dyspnea on exertion. Hospital C record."
PAT-HOSPITAL_C-0509,77,M,138,73,153.2,132.4,3,132,0,0,"Patient John Doe (MRN-100509, SSN 436-50-4220) admitted at St. Jude Hospital in Boston on 2026-04-16. Contact john.doe@example.com or phone 761-460-7686. Reports tightness in chest and shortness of breath. Hospital C record."
PAT-HOSPITAL_C-0510,49,F,143,102,243.5,142.2,1,182,0,1,"Patient Emily Davis (MRN-100510, SSN 570-12-3681) admitted at City Health Medical Center in Atlanta on 2026-06-25. Contact emily.davis@example.com or phone 592-647-6437. History of hypertension and dyspnea on exertion. Hospital C record."
PAT-HOSPITAL_C-0511,67,F,174,81,305.7,138.3,1,172,1,1,"Patient John Doe (MRN-100511, SSN 544-48-4476) admitted at St. Jude Hospital in San Francisco on 2026-03-12. Contact john.doe@example.com or phone 620-519-8789. Presents with atypical chest discomfort radiating to left arm. Hospital C record."
PAT-HOSPITAL_C-0512,41,M,127,92,159.0,154.0,1,106,0,0,"Patient David Taylor (MRN-100512, SSN 956-10-5951) admitted at City Health Medical Center in Atlanta on 2026-04-19. Contact david.taylor@example.com or phone 509-706-1698. Presents with atypical chest discomfort radiating to left arm. Hospital C record."
PAT-HOSPITAL_C-0513,70,F,143,103,217.5,109.5,1,90,0,1,"Patient David Taylor (MRN-100513, SSN 284-29-2356) admitted at St. Jude Hospital in New York on 2026-03-24. Contact david.taylor@example.com or phone 718-604-5155. Experiencing acute exertional angina and mild dizziness. Hospital C record."
PAT-HOSPITAL_C-0514,49,M,161,107,192.1,110.9,3,167,0,1,"Patient Emily Davis (MRN-100514, SSN 622-11-7923) admitted at St. Jude Hospital in Dallas on 2026-03-23. Contact emily.davis@example.com or phone 560-474-9056. Presents with atypical chest discomfort radiating to left arm. Hospital C record."
PAT-HOSPITAL_C-0515,38,F,168,85,202.0,110.8,0,118,0,0,"Patient John Doe (MRN-100515, SSN 406-68-6530) admitted at Mercy General Hospital in Miami on 2026-03-14. Contact john.doe@example.com or phone 898-217-2956. History of hypertension and dyspnea on exertion. Hospital C record."
PAT-HOSPITAL_C-0516,53,F,115,85,201.0,97.1,3,172,0,0,"Patient Laura Martinez (MRN-100516, SSN 875-30-2337) admitted at St. Jude Hospital in Chicago on 2026-06-12. Contact laura.martinez@example.com or phone 624-253-6263. History of hypertension and dyspnea on exertion. Hospital C record."
PAT-HOSPITAL_C-0517,54,F,165,105,308.6,108.9,2,144,1,0,"Patient Emily Davis (MRN-100517, SSN 671-89-2846) admitted at Presbyterian Hospital in Dallas on 2026-01-11. Contact emily.davis@example.com or phone 653-852-1741. Asymptomatic routine checkup with elevated blood pressure. Hospital C record."
PAT-HOSPITAL_C-0518,43,M,170,106,209.5,107.0,2,125,0,0,"Patient Sarah Wilson (MRN-100518, SSN 557-48-5811) admitted at City Health Medical Center in New York on 2026-08-18. Contact sarah.wilson@example.com or phone 957-437-8853. Asymptomatic routine checkup with elevated blood pressure. Hospital C record."
PAT-HOSPITAL_C-0519,45,F,179,71,213.6,98.8,1,121,0,1,"Patient Michael Brown (MRN-100519, SSN 237-56-1239) admitted at St. Jude Hospital in Seattle on 2026-07-15. Contact michael.brown@example.com or phone 532-404-5628. Reports tightness in chest and shortness of breath. Hospital C record."
PAT-HOSPITAL_C-0520,70,F,159,82,249.8,134.9,0,163,0,0,"Patient Alice Smith (MRN-100520, SSN 667-11-5188) admitted at St. Jude Hospital in Seattle on 2026-01-23. Contact alice.smith@example.com or phone 731-383-6259. Presents with atypical chest discomfort radiating to left arm. Hospital C record."
PAT-HOSPITAL_C-0521,37,M,179,93,305.5,146.0,0,177,0,0,"Patient Sarah Wilson (MRN-100521, SSN 134-37-5215) admitted at Mercy General Hospital in San Francisco on 2026-02-22. Contact sarah.wilson@example.com or phone 200-892-3999. History of hypertension and dyspnea on exertion. Hospital C record."
PAT-HOSPITAL_C-0522,55,F,128,83,260.4,157.2,0,144,0,0,"Patient John Doe (MRN-100522, SSN 784-89-3768) admitted at Presbyterian Hospital in Miami on 2026-08-11. Contact john.doe@example.com or phone 511-841-8653. Reports tightness in chest and shortness of breath. Hospital C record."
PAT-HOSPITAL_C-0523,62,M,142,73,152.5,154.1,3,185,0,1,"Patient Emily Davis (MRN-100523, SSN 652-75-5965) admitted at City Health Medical Center in Chicago on 2026-01-20. Contact emily.davis@example.com or phone 694-371-8666. Experiencing acute exertional angina and mild dizziness. Hospital C record."
PAT-HOSPITAL_C-0524,56,M,159,79,273.9,142.7,1,134,0,1,"Patient Robert Johnson (MRN-100524, SSN 155-50-4030) admitted at City Health Medical Center in New York on 2026-02-21. Contact robert.johnson@example.com or phone 516-519-6634. Asymptomatic routine checkup with elevated blood pressure. Hospital C record."
PAT-HOSPITAL_C-0525,35,F,169,98,219.8,146.5,0,96,0,1,"Patient Robert Johnson (MRN-100525, SSN 262-39-7328) admitted at City Health Medical Center in Miami on 2026-08-10. Contact robert.johnson@example.com or phone 230-280-8812. Asymptomatic routine checkup with elevated blood pressure. Hospital C record."
PAT-HOSPITAL_C-0526,66,M,128,101,294.9,139.9,2,130,0,1,"Patient Robert Johnson (MRN-100526, SSN 889-40-3167) admitted at Presbyterian Hospital in San Francisco on 2026-02-13. Contact robert.johnson@example.com or phone 360-754-7557. History of hypertension and dyspnea on exertion. Hospital C record."
PAT-HOSPITAL_C-0527,43,F,171,91,177.0,106.1,3,136,0,0,"Patient Robert Johnson (MRN-100527, SSN 796-10-7283) admitted at Presbyterian Hospital in Dallas on 2026-07-14. Contact robert.johnson@example.com or phone 281-816-6729. Reports tightness in chest and shortness of breath. Hospital C record."
PAT-HOSPITAL_C-0528,43,F,168,71,254.7,119.8,2,107,1,1,"Patient Sarah Wilson (MRN-100528, SSN 948-54-9614) admitted at St. Jude Hospital in Boston on 2026-08-14. Contact sarah.wilson@example.com or phone 275-826-4186. Asymptomatic routine checkup with elevated blood pressure. Hospital C record."
PAT-HOSPITAL_C-0529,79,M,148,70,316.4,134.7,3,171,0,0,"Patient John Doe (MRN-100529, SSN 547-56-6134) admitted at Presbyterian Hospital in Boston on 2026-07-14. Contact john.doe@example.com or phone 741-250-1262. Presents with atypical chest discomfort radiating to left arm. Hospital C record."
PAT-HOSPITAL_C-0530,45,M,175,91,282.5,121.6,3,116,1,0,"Patient Sarah Wilson (MRN-100530, SSN 130-15-1301) admitted at City Health Medical Center in San Francisco on 2026-08-19. Contact sarah.wilson@example.com or phone 388-385-2841. Experiencing acute exertional angina and mild dizziness. Hospital C record."
PAT-HOSPITAL_C-0531,79,F,123,97,193.9,153.1,2,167,1,1,"Patient Alice Smith (MRN-100531, SSN 166-90-1077) admitted at Mercy General Hospital in New York on 2026-06-10. Contact alice.smith@example.com or phone 605-958-7146. Presents with atypical chest discomfort radiating to left arm. Hospital C record."
PAT-HOSPITAL_C-0532,62,M,111,109,189.7,150.0,2,143,0,0,"Patient Michael Brown (MRN-100532, SSN 569-75-9771) admitted at City Health Medical Center in Boston on 2026-02-11. Contact michael.brown@example.com or phone 418-732-9025. Presents with atypical chest discomfort radiating to left arm. Hospital C record."
PAT-HOSPITAL_C-0533,72,F,153,94,251.2,110.0,0,139,1,1,"Patient John Doe (MRN-100533, SSN 583-72-1583) admitted at Presbyterian Hospital in New York on 2026-04-13. Contact john.doe@example.com or phone 678-412-7614. Reports tightness in chest and shortness of breath. Hospital C record."
PAT-HOSPITAL_C-0534,62,F,156,102,288.6,140.1,3,112,0,0,"Patient Alice Smith (MRN-100534, SSN 765-58-9005) admitted at St. Jude Hospital in Dallas on 2026-04-20. Contact alice.smith@example.com or phone 457-335-6046. Asymptomatic routine checkup with elevated blood pressure. Hospital C record."
PAT-HOSPITAL_C-0535,40,F,116,103,269.9,145.2,2,131,0,0,"Patient Robert Johnson (MRN-100535, SSN 480-59-5823) admitted at St. Jude Hospital in Dallas on 2026-02-23. Contact robert.johnson@example.com or phone 261-207-4668. Reports tightness in chest and shortness of breath. Hospital C record."
PAT-HOSPITAL_C-0536,39,M,150,71,192.0,92.0,3,185,0,0,"Patient Robert Johnson (MRN-100536, SSN 720-87-1204) admitted at Mercy General Hospital in Atlanta on 2026-04-25. Contact robert.johnson@example.com or phone 625-759-4453. Asymptomatic routine checkup with elevated blood pressure. Hospital C record."
PAT-HOSPITAL_C-0537,49,F,123,75,257.7,148.6,0,159,0,0,"Patient Michael Brown (MRN-100537, SSN 697-78-6540) admitted at St. Jude Hospital in Dallas on 2026-02-21. Contact michael.brown@example.com or phone 903-874-3818. Reports tightness in chest and shortness of breath. Hospital C record."
PAT-HOSPITAL_C-0538,45,F,164,90,295.4,98.9,0,176,0,0,"Patient Robert Johnson (MRN-100538, SSN 321-52-1223) admitted at Presbyterian Hospital in Dallas on 2026-07-21. Contact robert.johnson@example.com or phone 584-215-7186. Reports tightness in chest and shortness of breath. Hospital C record."
PAT-HOSPITAL_C-0539,63,F,144,84,306.9,147.6,3,94,1,0,"Patient Robert Johnson (MRN-100539, SSN 521-84-2665) admitted at City Health Medical Center in Seattle on 2026-08-21. Contact robert.johnson@example.com or phone 641-463-3109. Presents with atypical chest discomfort radiating to left arm. Hospital C record."
PAT-HOSPITAL_C-0540,47,F,120,83,208.6,96.0,0,142,1,0,"Patient Laura Martinez (MRN-100540, SSN 288-37-3992) admitted at City Health Medical Center in Seattle on 2026-08-26. Contact laura.martinez@example.com or phone 250-490-8799. History of hypertension and dyspnea on exertion. Hospital C record."
PAT-HOSPITAL_C-0541,37,M,113,91,303.2,81.6,0,136,0,1,"Patient Alice Smith (MRN-100541, SSN 453-49-2298) admitted at Mercy General Hospital in New York on 2026-04-20. Contact alice.smith@example.com or phone 741-541-7217. Asymptomatic routine checkup with elevated blood pressure. Hospital C record."
PAT-HOSPITAL_C-0542,53,F,110,83,315.0,90.9,1,156,1,0,"Patient Michael Brown (MRN-100542, SSN 216-61-6013) admitted at City Health Medical Center in Atlanta on 2026-02-15. Contact michael.brown@example.com or phone 623-628-5920. History of hypertension and dyspnea on exertion. Hospital C record."
PAT-HOSPITAL_C-0543,63,F,128,106,276.3,105.9,1,115,0,1,"Patient Michael Brown (MRN-100543, SSN 434-70-8464) admitted at St. Jude Hospital in Miami on 2026-04-24. Contact michael.brown@example.com or phone 240-309-7883. Presents with atypical chest discomfort radiating to left arm. Hospital C record."
PAT-HOSPITAL_C-0544,59,F,177,97,206.8,132.5,0,107,0,1,"Patient Sarah Wilson (MRN-100544, SSN 799-98-4172) admitted at City Health Medical Center in Chicago on 2026-06-13. Contact sarah.wilson@example.com or phone 965-824-7158. Asymptomatic routine checkup with elevated blood pressure. Hospital C record."
PAT-HOSPITAL_C-0545,36,F,121,107,316.3,141.0,1,101,0,0,"Patient Emily Davis (MRN-100545, SSN 426-92-2580) admitted at Presbyterian Hospital in San Francisco on 2026-03-24. Contact emily.davis@example.com or phone 617-718-2674. Presents with atypical chest discomfort radiating to left arm. Hospital C record."
PAT-HOSPITAL_C-0546,62,M,165,97,309.1,98.3,2,173,1,0,"Patient David Taylor (MRN-100546, SSN 555-25-8982) admitted at Mercy General Hospital in Atlanta on 2026-06-15. Contact david.taylor@example.com or phone 778-896-5129. History of hypertension and dyspnea on exertion. Hospital C record."
PAT-HOSPITAL_C-0547,65,M,115,106,180.9,157.8,1,152,0,1,"Patient Alice Smith (MRN-100547, SSN 118-51-1141) admitted at Mercy General Hospital in Miami on 2026-08-21. Contact alice.smith@example.com or phone 335-530-8167. Asymptomatic routine checkup with elevated blood pressure. Hospital C record."
PAT-HOSPITAL_C-0548,49,M,178,84,314.8,119.7,0,148,0,1,"Patient Michael Brown (MRN-100548, SSN 644-56-6504) admitted at Presbyterian Hospital in New York on 2026-03-10. Contact michael.brown@example.com or phone 517-474-2978. Reports tightness in chest and shortness of breath. Hospital C record."
PAT-HOSPITAL_C-0549,49,M,170,107,217.6,136.0,1,178,0,0,"Patient Robert Johnson (MRN-100549, SSN 152-35-2304) admitted at Mercy General Hospital in Dallas on 2026-07-22. Contact robert.johnson@example.com or phone 438-353-1515. History of hypertension and dyspnea on exertion. Hospital C record."
PAT-HOSPITAL_C-0550,58,F,138,103,298.0,88.5,2,165,1,0,"Patient Laura Martinez (MRN-100550, SSN 725-68-7263) admitted at St. Jude Hospital in Chicago on 2026-08-24. Contact laura.martinez@example.com or phone 865-206-3089. Reports tightness in chest and shortness of breath. Hospital C record."
PAT-HOSPITAL_C-0551,50,F,121,89,297.0,152.0,3,115,1,0,"Patient Laura Martinez (MRN-100551, SSN 478-46-1876) admitted at Presbyterian Hospital in Dallas on 2026-08-26. Contact laura.martinez@example.com or phone 382-305-4806. Reports tightness in chest and shortness of breath. Hospital C record."
PAT-HOSPITAL_C-0552,66,F,143,75,189.0,81.0,0,151,0,0,"Patient Emily Davis (MRN-100552, SSN 878-31-1744) admitted at City Health Medical Center in Dallas on 2026-01-21. Contact emily.davis@example.com or phone 299-240-3923. Asymptomatic routine checkup with elevated blood pressure. Hospital C record."
PAT-HOSPITAL_C-0553,35,F,156,100,207.8,141.5,3,143,0,1,"Patient Robert Johnson (MRN-100553, SSN 747-87-6046) admitted at St. Jude Hospital in Dallas on 2026-04-23. Contact robert.johnson@example.com or phone 985-901-3857. Reports tightness in chest and shortness of breath. Hospital C record."
PAT-HOSPITAL_C-0554,59,F,151,94,219.7,82.5,0,192,0,1,"Patient Sarah Wilson (MRN-100554, SSN 304-52-3910) admitted at City Health Medical Center in Atlanta on 2026-06-19. Contact sarah.wilson@example.com or phone 657-221-1864. Presents with atypical chest discomfort radiating to left arm. Hospital C record."
PAT-HOSPITAL_C-0555,37,M,165,104,277.4,135.1,0,94,1,0,"Patient David Taylor (MRN-100555, SSN 822-34-5916) admitted at Presbyterian Hospital in Chicago on 2026-06-26. Contact david.taylor@example.com or phone 392-955-5875. Reports tightness in chest and shortness of breath. Hospital C record."
PAT-HOSPITAL_C-0556,76,M,176,84,218.8,124.7,0,184,1,1,"Patient Emily Davis (MRN-100556, SSN 638-71-5825) admitted at Presbyterian Hospital in Dallas on 2026-02-12. Contact emily.davis@example.com or phone 801-506-2196. History of hypertension and dyspnea on exertion. Hospital C record."
PAT-HOSPITAL_C-0557,43,F,165,87,190.3,86.0,1,107,0,1,"Patient Alice Smith (MRN-100557, SSN 237-13-8837) admitted at Presbyterian Hospital in New York on 2026-05-25. Contact alice.smith@example.com or phone 612-344-2024. Experiencing acute exertional angina and mild dizziness. Hospital C record."
PAT-HOSPITAL_C-0558,66,F,149,71,161.3,90.3,2,181,0,0,"Patient Emily Davis (MRN-100558, SSN 343-30-2561) admitted at St. Jude Hospital in Seattle on 2026-07-23. Contact emily.davis@example.com or phone 258-420-5473. Reports tightness in chest and shortness of breath. Hospital C record."
PAT-HOSPITAL_C-0559,75,F,179,107,160.2,133.9,1,124,1,0,"Patient Emily Davis (MRN-100559, SSN 887-71-1732) admitted at Presbyterian Hospital in Boston on 2026-03-26. Contact emily.davis@example.com or phone 485-934-5335. Presents with atypical chest discomfort radiating to left arm. Hospital C record."
PAT-HOSPITAL_C-0560,64,M,144,103,221.5,156.0,0,146,1,1,"Patient Robert Johnson (MRN-100560, SSN 684-39-2319) admitted at Mercy General Hospital in Dallas on 2026-04-16. Contact robert.johnson@example.com or phone 768-983-3031. Reports tightness in chest and shortness of breath. Hospital C record."
PAT-HOSPITAL_C-0561,54,F,131,83,199.2,130.6,3,125,0,0,"Patient John Doe (MRN-100561, SSN 835-46-4096) admitted at Mercy General Hospital in Dallas on 2026-06-21. Contact john.doe@example.com or phone 755-900-8339. Experiencing acute exertional angina and mild dizziness. Hospital C record."
PAT-HOSPITAL_C-0562,47,M,124,93,151.1,126.0,3,162,0,0,"Patient David Taylor (MRN-100562, SSN 706-15-8464) admitted at City Health Medical Center in San Francisco on 2026-03-12. Contact david.taylor@example.com or phone 836-252-7487. History of hypertension and dyspnea on exertion. Hospital C record."
PAT-HOSPITAL_C-0563,41,F,177,109,165.0,111.2,1,140,0,1,"Patient Sarah Wilson (MRN-100563, SSN 223-55-8971) admitted at City Health Medical Center in New York on 2026-02-10. Contact sarah.wilson@example.com or phone 806-601-3977. Asymptomatic routine checkup with elevated blood pressure. Hospital C record."
PAT-HOSPITAL_C-0564,35,F,166,93,251.4,82.3,0,181,1,0,"Patient Robert Johnson (MRN-100564, SSN 852-63-4145) admitted at St. Jude Hospital in Boston on 2026-05-12. Contact robert.johnson@example.com or phone 983-924-3833. History of hypertension and dyspnea on exertion. Hospital C record."
PAT-HOSPITAL_C-0565,77,F,171,70,172.7,111.0,1,172,0,0,"Patient Sarah Wilson (MRN-100565, SSN 578-10-1410) admitted at St. Jude Hospital in Atlanta on 2026-06-22. Contact sarah.wilson@example.com or phone 268-908-7167. Presents with atypical chest discomfort radiating to left arm. Hospital C record."
PAT-HOSPITAL_C-0566,72,F,110,88,190.5,99.5,3,181,1,1,"Patient Emily Davis (MRN-100566, SSN 280-36-9890) admitted at Presbyterian Hospital in Atlanta on 2026-03-24. Contact emily.davis@example.com or phone 443-987-1058. History of hypertension and dyspnea on exertion. Hospital C record."
PAT-HOSPITAL_C-0567,64,M,139,72,296.9,91.2,0,192,0,1,"Patient Emily Davis (MRN-100567, SSN 504-69-8990) admitted at St. Jude Hospital in New York on 2026-01-27. Contact emily.davis@example.com or phone 909-635-8021. History of hypertension and dyspnea on exertion. Hospital C record."
PAT-HOSPITAL_C-0568,63,F,126,74,314.7,93.4,1,120,0,0,"Patient Laura Martinez (MRN-100568, SSN 904-31-9293) admitted at St. Jude Hospital in Seattle on 2026-08-16. Contact laura.martinez@example.com or phone 693-840-8894. Reports tightness in chest and shortness of breath. Hospital C record."
PAT-HOSPITAL_C-0569,52,M,171,106,223.2,140.7,0,137,0,1,"Patient Michael Brown (MRN-100569, SSN 204-75-9283) admitted at City Health Medical Center in Miami on 2026-03-20. Contact michael.brown@example.com or phone 802-973-2988. History of hypertension and dyspnea on exertion. Hospital C record."
PAT-HOSPITAL_C-0570,35,M,128,87,158.4,91.2,1,194,0,0,"Patient David Taylor (MRN-100570, SSN 669-44-5398) admitted at City Health Medical Center in Seattle on 2026-02-15. Contact david.taylor@example.com or phone 759-781-3507. Asymptomatic routine checkup with elevated blood pressure. Hospital C record."
PAT-HOSPITAL_C-0571,58,M,131,93,315.8,104.1,3,110,0,1,"Patient Sarah Wilson (MRN-100571, SSN 396-24-3313) admitted at Presbyterian Hospital in Boston on 2026-07-10. Contact sarah.wilson@example.com or phone 828-505-8590. Experiencing acute exertional angina and mild dizziness. Hospital C record."
PAT-HOSPITAL_C-0572,54,M,135,72,152.4,146.2,2,159,0,0,"Patient John Doe (MRN-100572, SSN 859-12-4902) admitted at St. Jude Hospital in Dallas on 2026-02-13. Contact john.doe@example.com or phone 731-525-2306. Asymptomatic routine checkup with elevated blood pressure. Hospital C record."
PAT-HOSPITAL_C-0573,37,M,154,108,173.9,88.3,0,104,0,0,"Patient Emily Davis (MRN-100573, SSN 438-13-3015) admitted at St. Jude Hospital in Miami on 2026-07-27. Contact emily.davis@example.com or phone 684-249-3120. Experiencing acute exertional angina and mild dizziness. Hospital C record."
PAT-HOSPITAL_C-0574,38,F,137,73,218.6,94.2,2,138,1,0,"Patient Laura Martinez (MRN-100574, SSN 666-33-3734) admitted at St. Jude Hospital in New York on 2026-04-26. Contact laura.martinez@example.com or phone 555-534-8880. History of hypertension and dyspnea on exertion. Hospital C record."
PAT-HOSPITAL_C-0575,54,M,162,98,297.8,118.8,2,113,0,0,"Patient David Taylor (MRN-100575, SSN 622-88-9117) admitted at Mercy General Hospital in Atlanta on 2026-05-23. Contact david.taylor@example.com or phone 667-648-1473. Experiencing acute exertional angina and mild dizziness. Hospital C record."
PAT-HOSPITAL_C-0576,69,F,148,91,281.8,88.6,1,91,0,0,"Patient Alice Smith (MRN-100576, SSN 793-17-8214) admitted at St. Jude Hospital in Dallas on 2026-07-25. Contact alice.smith@example.com or phone 229-870-1892. History of hypertension and dyspnea on exertion. Hospital C record."
PAT-HOSPITAL_C-0577,72,F,165,83,216.5,139.7,0,156,0,1,"Patient Robert Johnson (MRN-100577, SSN 947-21-7464) admitted at St. Jude Hospital in Boston on 2026-01-11. Contact robert.johnson@example.com or phone 829-781-2831. Presents with atypical chest discomfort radiating to left arm. Hospital C record."
PAT-HOSPITAL_C-0578,70,F,122,78,222.6,122.0,2,100,0,1,"Patient Robert Johnson (MRN-100578, SSN 599-57-1488) admitted at St. Jude Hospital in Miami on 2026-04-18. Contact robert.johnson@example.com or phone 425-901-7610. Experiencing acute exertional angina and mild dizziness. Hospital C record."
PAT-HOSPITAL_C-0579,43,F,158,108,197.0,97.0,3,182,0,0,"Patient John Doe (MRN-100579, SSN 730-20-5356) admitted at St. Jude Hospital in Dallas on 2026-01-12. Contact john.doe@example.com or phone 337-602-6522. History of hypertension and dyspnea on exertion. Hospital C record."
PAT-HOSPITAL_C-0580,56,M,176,96,279.1,119.1,3,167,1,0,"Patient David Taylor (MRN-100580, SSN 573-60-8264) admitted at Presbyterian Hospital in New York on 2026-05-16. Contact david.taylor@example.com or phone 509-924-7032. Experiencing acute exertional angina and mild dizziness. Hospital C record."
PAT-HOSPITAL_C-0581,69,F,126,108,272.9,122.6,2,191,1,0,"Patient Emily Davis (MRN-100581, SSN 280-41-2011) admitted at City Health Medical Center in New York on 2026-06-25. Contact emily.davis@example.com or phone 257-260-9319. Experiencing acute exertional angina and mild dizziness. Hospital C record."
PAT-HOSPITAL_C-0582,41,F,151,83,278.0,123.7,2,118,0,0,"Patient Robert Johnson (MRN-100582, SSN 851-60-6390) admitted at Mercy General Hospital in New York on 2026-08-18. Contact robert.johnson@example.com or phone 586-549-7631. Reports tightness in chest and shortness of breath. Hospital C record."
PAT-HOSPITAL_C-0583,36,M,134,94,166.4,138.8,0,153,0,0,"Patient Sarah Wilson (MRN-100583, SSN 409-36-3871) admitted at City Health Medical Center in Atlanta on 2026-04-17. Contact sarah.wilson@example.com or phone 846-354-8815. Asymptomatic routine checkup with elevated blood pressure. Hospital C record."
PAT-HOSPITAL_C-0584,62,M,134,104,182.5,101.1,2,154,1,0,"Patient Michael Brown (MRN-100584, SSN 214-85-1424) admitted at Mercy General Hospital in Dallas on 2026-06-19. Contact michael.brown@example.com or phone 662-362-8368. Reports tightness in chest and shortness of breath. Hospital C record."
PAT-HOSPITAL_C-0585,52,M,141,105,220.5,148.9,2,105,0,0,"Patient Laura Martinez (MRN-100585, SSN 898-89-6243) admitted at Presbyterian Hospital in New York on 2026-05-12. Contact laura.martinez@example.com or phone 274-825-1770. History of hypertension and dyspnea on exertion. Hospital C record."
PAT-HOSPITAL_C-0586,63,F,154,74,161.0,157.8,0,126,0,1,"Patient Robert Johnson (MRN-100586, SSN 286-66-3591) admitted at St. Jude Hospital in Boston on 2026-05-26. Contact robert.johnson@example.com or phone 696-955-2767. Reports tightness in chest and shortness of breath. Hospital C record."
PAT-HOSPITAL_C-0587,70,F,121,70,207.3,158.1,1,157,0,0,"Patient Laura Martinez (MRN-100587, SSN 637-44-7239) admitted at Presbyterian Hospital in Seattle on 2026-03-22. Contact laura.martinez@example.com or phone 516-325-6344. History of hypertension and dyspnea on exertion. Hospital C record."
PAT-HOSPITAL_C-0588,77,M,153,86,274.5,124.5,0,159,0,1,"Patient John Doe (MRN-100588, SSN 834-37-8303) admitted at Mercy General Hospital in Chicago on 2026-07-21. Contact john.doe@example.com or phone 430-481-4505. Reports tightness in chest and shortness of breath. Hospital C record."
PAT-HOSPITAL_C-0589,73,M,152,104,256.4,82.6,1,120,0,0,"Patient Michael Brown (MRN-100589, SSN 566-94-9928) admitted at Presbyterian Hospital in Chicago on 2026-04-18. Contact michael.brown@example.com or phone 936-399-2276. Experiencing acute exertional angina and mild dizziness. Hospital C record."
PAT-HOSPITAL_C-0590,44,M,165,97,179.4,81.2,1,107,1,0,"Patient John Doe (MRN-100590, SSN 462-64-9320) admitted at Presbyterian Hospital in San Francisco on 2026-08-16. Contact john.doe@example.com or phone 783-962-7759. Reports tightness in chest and shortness of breath. Hospital C record."
PAT-HOSPITAL_C-0591,50,M,152,84,273.8,126.5,0,113,1,1,"Patient David Taylor (MRN-100591, SSN 691-47-2517) admitted at City Health Medical Center in New York on 2026-06-18. Contact david.taylor@example.com or phone 334-497-7365. Experiencing acute exertional angina and mild dizziness. Hospital C record."
PAT-HOSPITAL_C-0592,73,F,132,74,202.3,90.7,1,173,0,0,"Patient Laura Martinez (MRN-100592, SSN 574-16-6469) admitted at St. Jude Hospital in Atlanta on 2026-08-11. Contact laura.martinez@example.com or phone 501-284-3263. Presents with atypical chest discomfort radiating to left arm. Hospital C record."
PAT-HOSPITAL_C-0593,65,F,132,100,300.1,111.8,3,160,0,0,"Patient Alice Smith (MRN-100593, SSN 216-75-5683) admitted at Presbyterian Hospital in San Francisco on 2026-07-21. Contact alice.smith@example.com or phone 543-755-6606. Presents with atypical chest discomfort radiating to left arm. Hospital C record."
PAT-HOSPITAL_C-0594,54,F,135,73,168.9,97.8,2,112,0,0,"Patient Alice Smith (MRN-100594, SSN 703-71-7960) admitted at City Health Medical Center in Boston on 2026-07-10. Contact alice.smith@example.com or phone 385-273-5622. Presents with atypical chest discomfort radiating to left arm. Hospital C record."
PAT-HOSPITAL_C-0595,47,M,130,80,185.6,86.9,2,168,0,0,"Patient David Taylor (MRN-100595, SSN 268-32-6690) admitted at St. Jude Hospital in Boston on 2026-01-19. Contact david.taylor@example.com or phone 690-349-9076. Experiencing acute exertional angina and mild dizziness. Hospital C record."
PAT-HOSPITAL_C-0596,76,F,167,101,224.2,81.5,1,108,0,0,"Patient Sarah Wilson (MRN-100596, SSN 742-70-3574) admitted at Mercy General Hospital in New York on 2026-07-14. Contact sarah.wilson@example.com or phone 953-919-9976. Presents with atypical chest discomfort radiating to left arm. Hospital C record."
PAT-HOSPITAL_C-0597,50,M,131,89,317.7,117.3,2,169,0,0,"Patient Laura Martinez (MRN-100597, SSN 957-49-4805) admitted at St. Jude Hospital in Boston on 2026-01-15. Contact laura.martinez@example.com or phone 700-882-9691. Reports tightness in chest and shortness of breath. Hospital C record."
PAT-HOSPITAL_C-0598,40,M,141,87,170.8,157.8,3,169,0,0,"Patient Sarah Wilson (MRN-100598, SSN 411-16-8541) admitted at City Health Medical Center in Chicago on 2026-01-16. Contact sarah.wilson@example.com or phone 614-224-2080. History of hypertension and dyspnea on exertion. Hospital C record."
PAT-HOSPITAL_C-0599,63,F,117,71,220.1,124.0,2,185,0,1,"Patient Alice Smith (MRN-100599, SSN 831-21-4946) admitted at Presbyterian Hospital in Boston on 2026-06-25. Contact alice.smith@example.com or phone 894-637-5259. Reports tightness in chest and shortness of breath. Hospital C record."
PAT-HOSPITAL_C-0600,79,F,111,94,171.8,95.6,0,164,1,0,"Patient Michael Brown (MRN-100600, SSN 109-26-7216) admitted at Presbyterian Hospital in San Francisco on 2026-04-24. Contact michael.brown@example.com or phone 648-948-8993. Asymptomatic routine checkup with elevated blood pressure. Hospital C record."
PAT-HOSPITAL_C-0601,73,F,160,89,220.9,115.9,1,193,0,1,"Patient Robert Johnson (MRN-100601, SSN 551-41-1261) admitted at City Health Medical Center in Seattle on 2026-04-11. Contact robert.johnson@example.com or phone 988-874-5854. Asymptomatic routine checkup with elevated blood pressure. Hospital C record."
PAT-HOSPITAL_C-0602,39,F,116,74,190.5,150.5,3,122,1,1,"Patient David Taylor (MRN-100602, SSN 383-39-5326) admitted at Mercy General Hospital in Miami on 2026-02-21. Contact david.taylor@example.com or phone 906-437-9892. Asymptomatic routine checkup with elevated blood pressure. Hospital C record."
PAT-HOSPITAL_C-0603,41,F,135,107,212.2,136.0,0,181,0,0,"Patient Sarah Wilson (MRN-100603, SSN 497-42-4854) admitted at Mercy General Hospital in Miami on 2026-05-19. Contact sarah.wilson@example.com or phone 801-924-4194. History of hypertension and dyspnea on exertion. Hospital C record."
PAT-HOSPITAL_C-0604,45,M,119,81,290.5,96.3,1,111,1,1,"Patient John Doe (MRN-100604, SSN 590-41-2070) admitted at Presbyterian Hospital in San Francisco on 2026-07-26. Contact john.doe@example.com or phone 763-570-7539. Experiencing acute exertional angina and mild dizziness. Hospital C record."
PAT-HOSPITAL_C-0605,39,F,177,78,239.3,81.4,3,97,1,0,"Patient Robert Johnson (MRN-100605, SSN 730-63-6741) admitted at Presbyterian Hospital in Chicago on 2026-06-25. Contact robert.johnson@example.com or phone 294-637-7358. Experiencing acute exertional angina and mild dizziness. Hospital C record."
PAT-HOSPITAL_C-0606,67,M,134,82,229.7,92.9,0,160,1,0,"Patient David Taylor (MRN-100606, SSN 565-56-8476) admitted at City Health Medical Center in New York on 2026-05-27. Contact david.taylor@example.com or phone 915-355-8321. Reports tightness in chest and shortness of breath. Hospital C record."
PAT-HOSPITAL_C-0607,52,F,160,91,179.5,140.5,2,189,1,1,"Patient John Doe (MRN-100607, SSN 426-72-4264) admitted at Mercy General Hospital in Chicago on 2026-06-16. Contact john.doe@example.com or phone 543-722-5127. History of hypertension and dyspnea on exertion. Hospital C record."
PAT-HOSPITAL_C-0608,63,F,120,85,195.8,119.9,3,97,1,1,"Patient Robert Johnson (MRN-100608, SSN 344-55-4732) admitted at St. Jude Hospital in Dallas on 2026-06-10. Contact robert.johnson@example.com or phone 853-844-2709. History of hypertension and dyspnea on exertion. Hospital C record."
PAT-HOSPITAL_C-0609,61,M,178,101,233.2,156.1,2,120,0,0,"Patient Michael Brown (MRN-100609, SSN 317-86-4369) admitted at St. Jude Hospital in New York on 2026-07-12. Contact michael.brown@example.com or phone 505-542-2765. History of hypertension and dyspnea on exertion. Hospital C record."
PAT-HOSPITAL_C-0610,51,F,115,99,232.4,125.4,1,171,0,1,"Patient Emily Davis (MRN-100610, SSN 846-44-2656) admitted at Presbyterian Hospital in Dallas on 2026-05-13. Contact emily.davis@example.com or phone 227-308-5345. History of hypertension and dyspnea on exertion. Hospital C record."
PAT-HOSPITAL_C-0611,36,M,135,105,200.4,98.2,3,147,0,1,"Patient Sarah Wilson (MRN-100611, SSN 847-83-6057) admitted at Mercy General Hospital in Miami on 2026-04-23. Contact sarah.wilson@example.com or phone 458-727-1604. Asymptomatic routine checkup with elevated blood pressure. Hospital C record."
PAT-HOSPITAL_C-0612,66,M,119,94,300.7,109.5,3,188,0,0,"Patient Laura Martinez (MRN-100612, SSN 167-69-2041) admitted at St. Jude Hospital in Miami on 2026-02-26. Contact laura.martinez@example.com or phone 269-700-2293. History of hypertension and dyspnea on exertion. Hospital C record."
PAT-HOSPITAL_C-0613,53,M,158,81,292.3,85.1,1,113,0,1,"Patient Michael Brown (MRN-100613, SSN 664-41-4700) admitted at Presbyterian Hospital in Miami on 2026-03-17. Contact michael.brown@example.com or phone 861-440-6928. Presents with atypical chest discomfort radiating to left arm. Hospital C record."
PAT-HOSPITAL_C-0614,67,M,142,81,156.4,142.3,0,154,0,0,"Patient Laura Martinez (MRN-100614, SSN 717-76-8134) admitted at St. Jude Hospital in Boston on 2026-04-10. Contact laura.martinez@example.com or phone 679-507-2546. Presents with atypical chest discomfort radiating to left arm. Hospital C record."
PAT-HOSPITAL_C-0615,63,F,135,91,224.1,144.7,3,168,0,1,"Patient Robert Johnson (MRN-100615, SSN 377-78-2347) admitted at City Health Medical Center in Boston on 2026-03-18. Contact robert.johnson@example.com or phone 209-668-3949. Experiencing acute exertional angina and mild dizziness. Hospital C record."
PAT-HOSPITAL_C-0616,68,F,160,94,259.2,134.8,3,134,0,1,"Patient John Doe (MRN-100616, SSN 977-48-5399) admitted at Mercy General Hospital in San Francisco on 2026-01-26. Contact john.doe@example.com or phone 209-212-5439. History of hypertension and dyspnea on exertion. Hospital C record."
PAT-HOSPITAL_C-0617,72,M,138,76,312.4,152.2,0,99,0,1,"Patient Michael Brown (MRN-100617, SSN 157-39-1225) admitted at St. Jude Hospital in Miami on 2026-05-13. Contact michael.brown@example.com or phone 457-211-9564. History of hypertension and dyspnea on exertion. Hospital C record."
PAT-HOSPITAL_C-0618,39,F,127,91,166.5,152.4,3,102,0,0,"Patient Michael Brown (MRN-100618, SSN 208-82-9098) admitted at City Health Medical Center in Atlanta on 2026-03-16. Contact michael.brown@example.com or phone 741-339-9450. Experiencing acute exertional angina and mild dizziness. Hospital C record."
PAT-HOSPITAL_C-0619,46,F,160,77,242.6,107.5,3,189,1,0,"Patient John Doe (MRN-100619, SSN 754-32-3258) admitted at Mercy General Hospital in Chicago on 2026-02-18. Contact john.doe@example.com or phone 599-882-9368. Reports tightness in chest and shortness of breath. Hospital C record."
PAT-HOSPITAL_C-0620,72,M,131,82,291.1,87.3,2,117,0,0,"Patient Sarah Wilson (MRN-100620, SSN 318-28-9339) admitted at Presbyterian Hospital in Chicago on 2026-03-12. Contact sarah.wilson@example.com or phone 894-286-1096. History of hypertension and dyspnea on exertion. Hospital C record."
PAT-HOSPITAL_C-0621,51,F,148,92,288.2,139.1,2,98,0,0,"Patient David Taylor (MRN-100621, SSN 498-75-5195) admitted at Mercy General Hospital in Atlanta on 2026-08-12. Contact david.taylor@example.com or phone 993-921-9568. History of hypertension and dyspnea on exertion. Hospital C record."
PAT-HOSPITAL_C-0622,75,F,157,79,191.8,126.7,2,194,0,0,"Patient John Doe (MRN-100622, SSN 629-47-6345) admitted at Mercy General Hospital in Seattle on 2026-02-13. Contact john.doe@example.com or phone 289-443-5158. Reports tightness in chest and shortness of breath. Hospital C record."
PAT-HOSPITAL_C-0623,35,F,130,100,209.7,102.1,3,136,1,1,"Patient Laura Martinez (MRN-100623, SSN 328-76-8579) admitted at St. Jude Hospital in Dallas on 2026-03-17. Contact laura.martinez@example.com or phone 831-971-8935. Reports tightness in chest and shortness of breath. Hospital C record."
PAT-HOSPITAL_C-0624,79,F,153,108,314.0,155.5,0,191,1,0,"Patient David Taylor (MRN-100624, SSN 113-18-2628) admitted at St. Jude Hospital in Chicago on 2026-04-20. Contact david.taylor@example.com or phone 600-444-7274. Reports tightness in chest and shortness of breath. Hospital C record."
PAT-HOSPITAL_C-0625,50,F,174,80,159.4,123.7,1,114,0,0,"Patient Robert Johnson (MRN-100625, SSN 298-47-1422) admitted at Mercy General Hospital in Boston on 2026-08-10. Contact robert.johnson@example.com or phone 767-850-2861. Asymptomatic routine checkup with elevated blood pressure. Hospital C record."
PAT-HOSPITAL_C-0626,53,M,112,108,211.5,132.1,3,125,1,0,"Patient Michael Brown (MRN-100626, SSN 119-28-2330) admitted at St. Jude Hospital in Chicago on 2026-01-17. Contact michael.brown@example.com or phone 251-226-3642. Reports tightness in chest and shortness of breath. Hospital C record."
PAT-HOSPITAL_C-0627,74,M,130,97,159.2,105.8,1,168,0,1,"Patient David Taylor (MRN-100627, SSN 939-10-2628) admitted at St. Jude Hospital in Dallas on 2026-03-15. Contact david.taylor@example.com or phone 962-455-6030. Experiencing acute exertional angina and mild dizziness. Hospital C record."
PAT-HOSPITAL_C-0628,60,M,174,93,266.5,107.2,0,120,0,1,"Patient David Taylor (MRN-100628, SSN 687-66-7046) admitted at City Health Medical Center in Miami on 2026-07-24. Contact david.taylor@example.com or phone 980-652-3292. Asymptomatic routine checkup with elevated blood pressure. Hospital C record."
PAT-HOSPITAL_C-0629,36,F,139,74,293.6,136.8,0,141,0,0,"Patient Robert Johnson (MRN-100629, SSN 599-27-1915) admitted at St. Jude Hospital in Miami on 2026-07-20. Contact robert.johnson@example.com or phone 854-959-1110. Asymptomatic routine checkup with elevated blood pressure. Hospital C record."
PAT-HOSPITAL_C-0630,57,F,164,104,268.0,108.9,0,183,1,0,"Patient Alice Smith (MRN-100630, SSN 775-71-1271) admitted at City Health Medical Center in New York on 2026-02-24. Contact alice.smith@example.com or phone 722-335-7174. Asymptomatic routine checkup with elevated blood pressure. Hospital C record."
PAT-HOSPITAL_C-0631,49,F,152,85,186.5,147.0,3,120,0,1,"Patient Michael Brown (MRN-100631, SSN 131-23-7731) admitted at City Health Medical Center in Seattle on 2026-02-10. Contact michael.brown@example.com or phone 308-306-2938. Presents with atypical chest discomfort radiating to left arm. Hospital C record."
PAT-HOSPITAL_C-0632,55,F,130,90,232.9,95.0,3,177,0,0,"Patient David Taylor (MRN-100632, SSN 288-63-3450) admitted at Mercy General Hospital in Seattle on 2026-02-23. Contact david.taylor@example.com or phone 923-678-4302. Experiencing acute exertional angina and mild dizziness. Hospital C record."
PAT-HOSPITAL_C-0633,48,F,116,73,276.2,95.1,2,147,0,1,"Patient John Doe (MRN-100633, SSN 324-12-8360) admitted at St. Jude Hospital in Chicago on 2026-05-16. Contact john.doe@example.com or phone 818-649-2585. Experiencing acute exertional angina and mild dizziness. Hospital C record."
PAT-HOSPITAL_C-0634,52,M,179,84,216.0,136.0,0,184,0,0,"Patient Emily Davis (MRN-100634, SSN 710-48-6428) admitted at Presbyterian Hospital in San Francisco on 2026-08-18. Contact emily.davis@example.com or phone 841-633-6672. History of hypertension and dyspnea on exertion. Hospital C record."
PAT-HOSPITAL_C-0635,77,M,153,83,199.9,150.4,3,140,0,1,"Patient David Taylor (MRN-100635, SSN 793-90-3689) admitted at City Health Medical Center in Chicago on 2026-08-16. Contact david.taylor@example.com or phone 930-768-4624. Presents with atypical chest discomfort radiating to left arm. Hospital C record."
PAT-HOSPITAL_C-0636,73,F,142,94,150.9,138.3,0,156,1,1,"Patient John Doe (MRN-100636, SSN 299-20-2146) admitted at St. Jude Hospital in New York on 2026-04-16. Contact john.doe@example.com or phone 574-925-8549. Asymptomatic routine checkup with elevated blood pressure. Hospital C record."
PAT-HOSPITAL_C-0637,79,F,115,78,252.7,146.0,1,102,0,0,"Patient David Taylor (MRN-100637, SSN 400-10-6884) admitted at City Health Medical Center in Boston on 2026-02-19. Contact david.taylor@example.com or phone 916-908-9761. Experiencing acute exertional angina and mild dizziness. Hospital C record."
PAT-HOSPITAL_C-0638,40,F,168,103,228.4,130.5,3,191,0,1,"Patient Sarah Wilson (MRN-100638, SSN 526-58-3132) admitted at Mercy General Hospital in New York on 2026-08-25. Contact sarah.wilson@example.com or phone 399-487-3803. Experiencing acute exertional angina and mild dizziness. Hospital C record."
PAT-HOSPITAL_C-0639,37,M,126,98,248.7,138.1,2,154,0,1,"Patient Laura Martinez (MRN-100639, SSN 472-46-2665) admitted at St. Jude Hospital in Seattle on 2026-04-11. Contact laura.martinez@example.com or phone 955-349-7952. History of hypertension and dyspnea on exertion. Hospital C record."
PAT-HOSPITAL_C-0640,35,M,143,86,274.1,122.1,3,185,1,1,"Patient Robert Johnson (MRN-100640, SSN 482-64-7385) admitted at St. Jude Hospital in Seattle on 2026-05-12. Contact robert.johnson@example.com or phone 719-810-5257. Presents with atypical chest discomfort radiating to left arm. Hospital C record."
PAT-HOSPITAL_C-0641,39,F,146,89,306.9,150.1,3,190,0,0,"Patient Laura Martinez (MRN-100641, SSN 430-77-2338) admitted at City Health Medical Center in Chicago on 2026-03-25. Contact laura.martinez@example.com or phone 504-455-9117. Presents with atypical chest discomfort radiating to left arm. Hospital C record."
PAT-HOSPITAL_C-0642,66,F,171,78,231.9,96.3,0,109,0,1,"Patient Alice Smith (MRN-100642, SSN 966-25-1702) admitted at City Health Medical Center in New York on 2026-08-16. Contact alice.smith@example.com or phone 637-439-5984. Experiencing acute exertional angina and mild dizziness. Hospital C record."
PAT-HOSPITAL_C-0643,54,M,144,95,205.0,154.0,0,189,0,0,"Patient John Doe (MRN-100643, SSN 381-41-8897) admitted at City Health Medical Center in Seattle on 2026-06-15. Contact john.doe@example.com or phone 895-774-6065. History of hypertension and dyspnea on exertion. Hospital C record."
PAT-HOSPITAL_C-0644,53,F,149,109,282.9,131.0,1,133,1,1,"Patient Alice Smith (MRN-100644, SSN 659-10-8183) admitted at Presbyterian Hospital in Chicago on 2026-05-16. Contact alice.smith@example.com or phone 206-569-2768. Asymptomatic routine checkup with elevated blood pressure. Hospital C record."
PAT-HOSPITAL_C-0645,48,F,167,71,247.4,82.9,2,168,1,1,"Patient Alice Smith (MRN-100645, SSN 724-49-3832) admitted at St. Jude Hospital in Boston on 2026-04-27. Contact alice.smith@example.com or phone 664-650-6839. History of hypertension and dyspnea on exertion. Hospital C record."
PAT-HOSPITAL_C-0646,61,F,177,94,312.6,112.8,2,132,0,1,"Patient Emily Davis (MRN-100646, SSN 669-65-5132) admitted at Presbyterian Hospital in Dallas on 2026-03-13. Contact emily.davis@example.com or phone 644-865-8766. Presents with atypical chest discomfort radiating to left arm. Hospital C record."
PAT-HOSPITAL_C-0647,79,M,178,84,248.6,119.2,2,137,0,0,"Patient Alice Smith (MRN-100647, SSN 683-22-8543) admitted at City Health Medical Center in Boston on 2026-01-22. Contact alice.smith@example.com or phone 609-995-5425. Presents with atypical chest discomfort radiating to left arm. Hospital C record."
PAT-HOSPITAL_C-0648,74,F,110,76,191.8,157.8,1,173,1,0,"Patient Laura Martinez (MRN-100648, SSN 986-20-7955) admitted at Presbyterian Hospital in Boston on 2026-07-11. Contact laura.martinez@example.com or phone 230-666-6645. Experiencing acute exertional angina and mild dizziness. Hospital C record."
PAT-HOSPITAL_C-0649,39,F,112,85,195.0,90.9,3,162,0,0,"Patient Laura Martinez (MRN-100649, SSN 880-54-4934) admitted at Presbyterian Hospital in Dallas on 2026-08-16. Contact laura.martinez@example.com or phone 415-511-6841. History of hypertension and dyspnea on exertion. Hospital C record."
PAT-HOSPITAL_C-0650,56,M,110,72,319.2,111.2,1,153,1,1,"Patient David Taylor (MRN-100650, SSN 694-88-5006) admitted at Presbyterian Hospital in New York on 2026-03-18. Contact david.taylor@example.com or phone 363-605-9792. Presents with atypical chest discomfort radiating to left arm. Hospital C record."
PAT-HOSPITAL_C-0651,41,F,134,70,313.9,143.1,1,91,0,0,"Patient Robert Johnson (MRN-100651, SSN 180-22-4264) admitted at City Health Medical Center in San Francisco on 2026-01-17. Contact robert.johnson@example.com or phone 825-904-2904. History of hypertension and dyspnea on exertion. Hospital C record."
PAT-HOSPITAL_C-0652,73,F,143,91,233.0,126.5,3,142,0,0,"Patient Emily Davis (MRN-100652, SSN 406-97-6910) admitted at St. Jude Hospital in Atlanta on 2026-03-18. Contact emily.davis@example.com or phone 833-791-1685. Presents with atypical chest discomfort radiating to left arm. Hospital C record."
PAT-HOSPITAL_C-0653,55,M,143,106,214.9,110.1,1,154,0,0,"Patient Sarah Wilson (MRN-100653, SSN 674-96-4102) admitted at City Health Medical Center in Chicago on 2026-06-20. Contact sarah.wilson@example.com or phone 314-876-9034. Presents with atypical chest discomfort radiating to left arm. Hospital C record."
PAT-HOSPITAL_C-0654,74,M,154,88,186.2,124.5,1,100,0,0,"Patient Alice Smith (MRN-100654, SSN 886-87-9985) admitted at Mercy General Hospital in Miami on 2026-04-17. Contact alice.smith@example.com or phone 435-430-4992. History of hypertension and dyspnea on exertion. Hospital C record."
PAT-HOSPITAL_C-0655,65,M,162,88,214.3,151.3,0,129,1,1,"Patient Robert Johnson (MRN-100655, SSN 208-94-6421) admitted at St. Jude Hospital in Boston on 2026-04-27. Contact robert.johnson@example.com or phone 519-494-8419. History of hypertension and dyspnea on exertion. Hospital C record."
PAT-HOSPITAL_C-0656,61,M,125,89,284.7,141.1,3,91,1,0,"Patient David Taylor (MRN-100656, SSN 647-90-5062) admitted at City Health Medical Center in San Francisco on 2026-06-10. Contact david.taylor@example.com or phone 649-588-2350. Presents with atypical chest discomfort radiating to left arm. Hospital C record."
PAT-HOSPITAL_C-0657,65,F,139,73,170.1,120.5,1,178,0,0,"Patient John Doe (MRN-100657, SSN 688-72-6893) admitted at Presbyterian Hospital in Chicago on 2026-04-21. Contact john.doe@example.com or phone 556-511-4181. Presents with atypical chest discomfort radiating to left arm. Hospital C record."
PAT-HOSPITAL_C-0658,47,F,152,105,270.1,116.8,0,164,1,1,"Patient David Taylor (MRN-100658, SSN 397-57-7213) admitted at St. Jude Hospital in Boston on 2026-01-23. Contact david.taylor@example.com or phone 850-714-7782. Presents with atypical chest discomfort radiating to left arm. Hospital C record."
PAT-HOSPITAL_C-0659,42,M,140,95,314.3,140.5,2,124,1,1,"Patient Laura Martinez (MRN-100659, SSN 926-18-8399) admitted at St. Jude Hospital in San Francisco on 2026-08-14. Contact laura.martinez@example.com or phone 690-377-2403. History of hypertension and dyspnea on exertion. Hospital C record."
PAT-HOSPITAL_C-0660,47,F,128,73,227.1,135.3,3,178,0,1,"Patient Sarah Wilson (MRN-100660, SSN 739-41-5690) admitted at Mercy General Hospital in Dallas on 2026-01-18. Contact sarah.wilson@example.com or phone 624-370-1791. History of hypertension and dyspnea on exertion. Hospital C record."
PAT-HOSPITAL_C-0661,40,M,120,80,158.6,93.7,1,91,0,0,"Patient Laura Martinez (MRN-100661, SSN 533-75-2828) admitted at Presbyterian Hospital in San Francisco on 2026-07-13. Contact laura.martinez@example.com or phone 810-588-1658. Asymptomatic routine checkup with elevated blood pressure. Hospital C record."
PAT-HOSPITAL_C-0662,65,F,178,101,235.6,100.3,2,123,0,1,"Patient Sarah Wilson (MRN-100662, SSN 265-25-5723) admitted at Mercy General Hospital in New York on 2026-06-24. Contact sarah.wilson@example.com or phone 472-987-3434. Experiencing acute exertional angina and mild dizziness. Hospital C record."
PAT-HOSPITAL_C-0663,60,M,138,92,312.9,103.3,1,140,1,0,"Patient Laura Martinez (MRN-100663, SSN 630-64-4638) admitted at St. Jude Hospital in San Francisco on 2026-02-16. Contact laura.martinez@example.com or phone 256-238-4539. History of hypertension and dyspnea on exertion. Hospital C record."
PAT-HOSPITAL_C-0664,63,M,168,108,170.9,93.3,3,97,0,0,"Patient Alice Smith (MRN-100664, SSN 695-24-1174) admitted at Presbyterian Hospital in New York on 2026-04-16. Contact alice.smith@example.com or phone 266-632-5368. Experiencing acute exertional angina and mild dizziness. Hospital C record."
PAT-HOSPITAL_C-0665,39,F,174,91,234.9,118.0,3,123,0,0,"Patient Emily Davis (MRN-100665, SSN 442-38-5790) admitted at Mercy General Hospital in Seattle on 2026-01-26. Contact emily.davis@example.com or phone 329-235-2060. Asymptomatic routine checkup with elevated blood pressure. Hospital C record."
PAT-HOSPITAL_C-0666,76,F,111,89,291.7,105.9,3,103,0,0,"Patient Michael Brown (MRN-100666, SSN 851-80-5895) admitted at Presbyterian Hospital in Chicago on 2026-05-10. Contact michael.brown@example.com or phone 804-871-2333. History of hypertension and dyspnea on exertion. Hospital C record."
PAT-HOSPITAL_C-0667,46,M,122,72,259.2,84.6,3,161,0,0,"Patient David Taylor (MRN-100667, SSN 136-33-5694) admitted at Mercy General Hospital in Chicago on 2026-03-10. Contact david.taylor@example.com or phone 951-690-9350. Experiencing acute exertional angina and mild dizziness. Hospital C record."
PAT-HOSPITAL_C-0668,46,M,128,86,287.2,101.9,1,180,0,0,"Patient Michael Brown (MRN-100668, SSN 669-83-4384) admitted at St. Jude Hospital in Miami on 2026-05-20. Contact michael.brown@example.com or phone 788-882-5373. History of hypertension and dyspnea on exertion. Hospital C record."
PAT-HOSPITAL_C-0669,41,M,136,72,239.1,126.5,2,161,1,1,"Patient Sarah Wilson (MRN-100669, SSN 144-35-1561) admitted at St. Jude Hospital in Dallas on 2026-05-19. Contact sarah.wilson@example.com or phone 711-507-4006. Asymptomatic routine checkup with elevated blood pressure. Hospital C record."
PAT-HOSPITAL_C-0670,62,F,170,105,286.6,90.3,3,119,1,1,"Patient Michael Brown (MRN-100670, SSN 656-73-1621) admitted at City Health Medical Center in San Francisco on 2026-01-25. Contact michael.brown@example.com or phone 876-380-5074. History of hypertension and dyspnea on exertion. Hospital C record."
PAT-HOSPITAL_C-0671,79,F,130,70,293.5,127.8,2,114,0,0,"Patient John Doe (MRN-100671, SSN 835-52-4112) admitted at Mercy General Hospital in Seattle on 2026-07-15. Contact john.doe@example.com or phone 369-918-9368. Asymptomatic routine checkup with elevated blood pressure. Hospital C record."
PAT-HOSPITAL_C-0672,68,M,170,99,294.0,84.3,2,136,0,1,"Patient Michael Brown (MRN-100672, SSN 132-69-1043) admitted at City Health Medical Center in San Francisco on 2026-04-24. Contact michael.brown@example.com or phone 843-905-4143. Asymptomatic routine checkup with elevated blood pressure. Hospital C record."
PAT-HOSPITAL_C-0673,64,F,172,101,204.1,103.7,2,158,0,0,"Patient Michael Brown (MRN-100673, SSN 913-92-2306) admitted at St. Jude Hospital in San Francisco on 2026-06-12. Contact michael.brown@example.com or phone 283-572-7092. Reports tightness in chest and shortness of breath. Hospital C record."
PAT-HOSPITAL_C-0674,75,F,179,73,319.4,129.8,3,132,0,0,"Patient Robert Johnson (MRN-100674, SSN 512-47-3306) admitted at Mercy General Hospital in San Francisco on 2026-06-20. Contact robert.johnson@example.com or phone 277-389-9272. Asymptomatic routine checkup with elevated blood pressure. Hospital C record."
PAT-HOSPITAL_C-0675,43,M,139,79,293.2,111.8,1,106,0,0,"Patient Robert Johnson (MRN-100675, SSN 459-41-7471) admitted at Presbyterian Hospital in Chicago on 2026-04-23. Contact robert.johnson@example.com or phone 548-933-4254. Asymptomatic routine checkup with elevated blood pressure. Hospital C record."
PAT-HOSPITAL_C-0676,57,M,173,108,211.4,82.7,1,180,0,1,"Patient Robert Johnson (MRN-100676, SSN 295-12-4932) admitted at City Health Medical Center in Chicago on 2026-08-23. Contact robert.johnson@example.com or phone 561-423-3485. Asymptomatic routine checkup with elevated blood pressure. Hospital C record."
PAT-HOSPITAL_C-0677,79,M,160,72,315.1,104.0,3,117,1,1,"Patient David Taylor (MRN-100677, SSN 390-22-5331) admitted at City Health Medical Center in Seattle on 2026-01-16. Contact david.taylor@example.com or phone 893-528-3063. Reports tightness in chest and shortness of breath. Hospital C record."
PAT-HOSPITAL_C-0678,75,M,118,81,197.7,121.4,0,131,0,1,"Patient Sarah Wilson (MRN-100678, SSN 267-64-2393) admitted at St. Jude Hospital in Miami on 2026-05-23. Contact sarah.wilson@example.com or phone 264-606-2743. Asymptomatic routine checkup with elevated blood pressure. Hospital C record."
PAT-HOSPITAL_C-0679,51,F,162,83,317.4,132.8,2,131,0,1,"Patient Laura Martinez (MRN-100679, SSN 964-76-5878) admitted at Mercy General Hospital in San Francisco on 2026-06-11. Contact laura.martinez@example.com or phone 478-733-2124. Experiencing acute exertional angina and mild dizziness. Hospital C record."
PAT-HOSPITAL_C-0680,49,F,122,76,187.0,92.8,3,127,0,0,"Patient Michael Brown (MRN-100680, SSN 782-10-4568) admitted at St. Jude Hospital in Dallas on 2026-08-16. Contact michael.brown@example.com or phone 910-904-1164. Asymptomatic routine checkup with elevated blood pressure. Hospital C record."
PAT-HOSPITAL_C-0681,64,F,137,74,231.9,105.4,2,115,0,0,"Patient Robert Johnson (MRN-100681, SSN 904-27-6205) admitted at St. Jude Hospital in Boston on 2026-05-24. Contact robert.johnson@example.com or phone 824-451-1635. Asymptomatic routine checkup with elevated blood pressure. Hospital C record."
PAT-HOSPITAL_C-0682,38,M,170,75,271.5,86.2,2,164,0,1,"Patient Alice Smith (MRN-100682, SSN 597-67-7173) admitted at Mercy General Hospital in Atlanta on 2026-07-17. Contact alice.smith@example.com or phone 453-633-4201. Asymptomatic routine checkup with elevated blood pressure. Hospital C record."
PAT-HOSPITAL_C-0683,73,F,128,92,250.3,159.6,2,97,1,0,"Patient Alice Smith (MRN-100683, SSN 627-11-3789) admitted at City Health Medical Center in Miami on 2026-07-14. Contact alice.smith@example.com or phone 537-630-6203. Reports tightness in chest and shortness of breath. Hospital C record."
PAT-HOSPITAL_C-0684,78,M,144,88,233.1,89.9,2,149,0,0,"Patient Emily Davis (MRN-100684, SSN 998-55-9726) admitted at City Health Medical Center in Seattle on 2026-06-25. Contact emily.davis@example.com or phone 905-421-8088. Reports tightness in chest and shortness of breath. Hospital C record."
PAT-HOSPITAL_C-0685,64,M,159,105,315.8,99.4,2,169,0,1,"Patient David Taylor (MRN-100685, SSN 340-45-8144) admitted at Mercy General Hospital in San Francisco on 2026-06-13. Contact david.taylor@example.com or phone 729-789-3128. Experiencing acute exertional angina and mild dizziness. Hospital C record."
PAT-HOSPITAL_C-0686,68,F,118,98,292.3,85.2,0,161,0,0,"Patient Robert Johnson (MRN-100686, SSN 784-69-4083) admitted at City Health Medical Center in Miami on 2026-06-25. Contact robert.johnson@example.com or phone 738-887-8860. Asymptomatic routine checkup with elevated blood pressure. Hospital C record."
PAT-HOSPITAL_C-0687,68,F,139,101,195.4,156.2,1,112,1,1,"Patient Laura Martinez (MRN-100687, SSN 162-22-4065) admitted at St. Jude Hospital in Seattle on 2026-03-19. Contact laura.martinez@example.com or phone 316-611-5166. Reports tightness in chest and shortness of breath. Hospital C record."
PAT-HOSPITAL_C-0688,75,F,134,92,278.3,142.0,1,120,0,0,"Patient Alice Smith (MRN-100688, SSN 212-46-2206) admitted at City Health Medical Center in Miami on 2026-07-19. Contact alice.smith@example.com or phone 982-266-7731. Presents with atypical chest discomfort radiating to left arm. Hospital C record."
PAT-HOSPITAL_C-0689,35,M,121,94,226.3,130.4,3,130,0,1,"Patient John Doe (MRN-100689, SSN 593-43-4636) admitted at Presbyterian Hospital in Dallas on 2026-05-17. Contact john.doe@example.com or phone 279-553-9354. History of hypertension and dyspnea on exertion. Hospital C record."
PAT-HOSPITAL_C-0690,43,M,122,70,163.2,86.6,3,192,0,0,"Patient John Doe (MRN-100690, SSN 404-42-1645) admitted at City Health Medical Center in San Francisco on 2026-02-23. Contact john.doe@example.com or phone 412-964-6696. Experiencing acute exertional angina and mild dizziness. Hospital C record."
PAT-HOSPITAL_C-0691,58,M,142,97,281.6,83.0,3,143,1,1,"Patient Robert Johnson (MRN-100691, SSN 577-43-5102) admitted at City Health Medical Center in Miami on 2026-07-20. Contact robert.johnson@example.com or phone 576-522-6254. History of hypertension and dyspnea on exertion. Hospital C record."
PAT-HOSPITAL_C-0692,62,F,144,94,231.8,86.4,3,160,1,1,"Patient Robert Johnson (MRN-100692, SSN 756-72-2452) admitted at Mercy General Hospital in Chicago on 2026-05-25. Contact robert.johnson@example.com or phone 899-719-7867. Asymptomatic routine checkup with elevated blood pressure. Hospital C record."
PAT-HOSPITAL_C-0693,37,M,132,88,159.1,99.2,3,125,1,1,"Patient Sarah Wilson (MRN-100693, SSN 212-52-8247) admitted at Presbyterian Hospital in Chicago on 2026-03-17. Contact sarah.wilson@example.com or phone 758-533-2529. Presents with atypical chest discomfort radiating to left arm. Hospital C record."
PAT-HOSPITAL_C-0694,68,M,172,99,251.4,144.9,1,167,0,0,"Patient Michael Brown (MRN-100694, SSN 297-10-8318) admitted at Presbyterian Hospital in Boston on 2026-05-11. Contact michael.brown@example.com or phone 997-756-8620. Reports tightness in chest and shortness of breath. Hospital C record."
PAT-HOSPITAL_C-0695,66,F,130,76,208.0,135.5,1,96,1,0,"Patient Robert Johnson (MRN-100695, SSN 275-19-2226) admitted at City Health Medical Center in Atlanta on 2026-06-15. Contact robert.johnson@example.com or phone 685-498-1526. Presents with atypical chest discomfort radiating to left arm. Hospital C record."
PAT-HOSPITAL_C-0696,62,F,111,94,256.7,109.9,0,190,1,0,"Patient John Doe (MRN-100696, SSN 769-49-2557) admitted at Mercy General Hospital in Miami on 2026-03-20. Contact john.doe@example.com or phone 609-217-8501. History of hypertension and dyspnea on exertion. Hospital C record."
PAT-HOSPITAL_C-0697,65,M,175,89,172.9,159.0,0,102,0,0,"Patient Laura Martinez (MRN-100697, SSN 671-62-7536) admitted at St. Jude Hospital in New York on 2026-01-11. Contact laura.martinez@example.com or phone 658-748-7517. Asymptomatic routine checkup with elevated blood pressure. Hospital C record."
PAT-HOSPITAL_C-0698,54,F,145,71,187.3,80.8,2,152,1,0,"Patient John Doe (MRN-100698, SSN 321-82-3430) admitted at Mercy General Hospital in New York on 2026-06-26. Contact john.doe@example.com or phone 517-777-2910. Experiencing acute exertional angina and mild dizziness. Hospital C record."
PAT-HOSPITAL_C-0699,77,M,159,84,233.7,158.1,1,123,0,1,"Patient Michael Brown (MRN-100699, SSN 113-65-5541) admitted at St. Jude Hospital in Atlanta on 2026-04-16. Contact michael.brown@example.com or phone 266-360-3985. Asymptomatic routine checkup with elevated blood pressure. Hospital C record."
PAT-HOSPITAL_C-0700,47,M,173,89,161.4,124.6,0,98,0,0,"Patient Sarah Wilson (MRN-100700, SSN 404-18-6734) admitted at City Health Medical Center in New York on 2026-03-15. Contact sarah.wilson@example.com or phone 881-520-9475. Reports tightness in chest and shortness of breath. Hospital C record."
PAT-HOSPITAL_C-0701,64,M,158,106,157.4,118.7,3,150,0,1,"Patient John Doe (MRN-100701, SSN 627-28-2799) admitted at City Health Medical Center in San Francisco on 2026-04-23. Contact john.doe@example.com or phone 603-294-8519. Asymptomatic routine checkup with elevated blood pressure. Hospital C record."
PAT-HOSPITAL_C-0702,41,M,112,96,196.4,123.1,0,121,0,1,"Patient Sarah Wilson (MRN-100702, SSN 136-67-7169) admitted at Presbyterian Hospital in San Francisco on 2026-05-26. Contact sarah.wilson@example.com or phone 820-592-7380. History of hypertension and dyspnea on exertion. Hospital C record."
PAT-HOSPITAL_C-0703,62,M,119,109,289.8,123.8,3,168,0,0,"Patient David Taylor (MRN-100703, SSN 117-20-3392) admitted at St. Jude Hospital in Dallas on 2026-02-15. Contact david.taylor@example.com or phone 209-917-6738. Reports tightness in chest and shortness of breath. Hospital C record."
PAT-HOSPITAL_C-0704,48,M,129,72,240.7,140.4,3,159,0,0,"Patient Robert Johnson (MRN-100704, SSN 601-88-4324) admitted at Presbyterian Hospital in New York on 2026-03-27. Contact robert.johnson@example.com or phone 440-381-9954. History of hypertension and dyspnea on exertion. Hospital C record."
PAT-HOSPITAL_C-0705,35,M,112,73,210.5,143.5,0,170,0,1,"Patient Michael Brown (MRN-100705, SSN 577-91-9973) admitted at St. Jude Hospital in New York on 2026-07-12. Contact michael.brown@example.com or phone 347-351-7616. History of hypertension and dyspnea on exertion. Hospital C record."
PAT-HOSPITAL_C-0706,39,F,156,92,226.0,82.3,3,126,0,1,"Patient Laura Martinez (MRN-100706, SSN 425-41-1846) admitted at City Health Medical Center in Dallas on 2026-02-25. Contact laura.martinez@example.com or phone 482-820-7262. Experiencing acute exertional angina and mild dizziness. Hospital C record."
PAT-HOSPITAL_C-0707,74,M,148,72,315.7,89.4,2,149,1,1,"Patient Laura Martinez (MRN-100707, SSN 697-44-7787) admitted at St. Jude Hospital in San Francisco on 2026-03-23. Contact laura.martinez@example.com or phone 931-693-3939. Presents with atypical chest discomfort radiating to left arm. Hospital C record."
PAT-HOSPITAL_C-0708,48,F,123,105,287.7,159.1,0,112,0,0,"Patient Robert Johnson (MRN-100708, SSN 220-83-4928) admitted at Presbyterian Hospital in Seattle on 2026-08-14. Contact robert.johnson@example.com or phone 304-923-5777. History of hypertension and dyspnea on exertion. Hospital C record."
PAT-HOSPITAL_C-0709,58,M,176,80,289.8,94.6,0,166,1,0,"Patient Alice Smith (MRN-100709, SSN 437-14-8416) admitted at St. Jude Hospital in Boston on 2026-05-13. Contact alice.smith@example.com or phone 876-790-9712. Presents with atypical chest discomfort radiating to left arm. Hospital C record."
PAT-HOSPITAL_C-0710,39,F,115,108,197.4,125.7,1,90,1,0,"Patient Emily Davis (MRN-100710, SSN 804-90-2624) admitted at Mercy General Hospital in Atlanta on 2026-01-25. Contact emily.davis@example.com or phone 504-577-6216. Experiencing acute exertional angina and mild dizziness. Hospital C record."
PAT-HOSPITAL_C-0711,55,F,140,102,249.1,110.0,3,170,0,1,"Patient John Doe (MRN-100711, SSN 483-60-1621) admitted at Presbyterian Hospital in Dallas on 2026-02-20. Contact john.doe@example.com or phone 203-780-5097. Experiencing acute exertional angina and mild dizziness. Hospital C record."
PAT-HOSPITAL_C-0712,76,M,117,70,259.9,107.0,3,121,1,0,"Patient David Taylor (MRN-100712, SSN 505-31-6210) admitted at St. Jude Hospital in Atlanta on 2026-03-11. Contact david.taylor@example.com or phone 893-974-1109. Reports tightness in chest and shortness of breath. Hospital C record."
PAT-HOSPITAL_C-0713,42,M,127,78,226.6,145.6,2,102,0,0,"Patient David Taylor (MRN-100713, SSN 880-52-6589) admitted at City Health Medical Center in New York on 2026-05-23. Contact david.taylor@example.com or phone 608-786-2734. Experiencing acute exertional angina and mild dizziness. Hospital C record."
PAT-HOSPITAL_C-0714,36,M,170,107,248.0,146.1,2,131,0,1,"Patient Emily Davis (MRN-100714, SSN 311-77-7939) admitted at Presbyterian Hospital in Seattle on 2026-04-16. Contact emily.davis@example.com or phone 893-964-1374. Experiencing acute exertional angina and mild dizziness. Hospital C record."
PAT-HOSPITAL_C-0715,40,M,121,98,162.7,157.7,1,93,0,0,"Patient Sarah Wilson (MRN-100715, SSN 290-23-2884) admitted at City Health Medical Center in Miami on 2026-04-19. Contact sarah.wilson@example.com or phone 552-442-1561. Presents with atypical chest discomfort radiating to left arm. Hospital C record."
PAT-HOSPITAL_C-0716,79,M,123,99,250.3,136.7,2,113,0,0,"Patient Michael Brown (MRN-100716, SSN 446-34-1969) admitted at City Health Medical Center in Boston on 2026-03-12. Contact michael.brown@example.com or phone 979-263-7888. Experiencing acute exertional angina and mild dizziness. Hospital C record."
PAT-HOSPITAL_C-0717,56,M,148,85,184.5,97.3,0,113,0,1,"Patient Michael Brown (MRN-100717, SSN 368-78-7030) admitted at St. Jude Hospital in Atlanta on 2026-04-26. Contact michael.brown@example.com or phone 909-433-4017. History of hypertension and dyspnea on exertion. Hospital C record."
PAT-HOSPITAL_C-0718,78,F,158,85,273.3,132.0,3,105,0,0,"Patient Alice Smith (MRN-100718, SSN 280-40-3171) admitted at St. Jude Hospital in San Francisco on 2026-04-24. Contact alice.smith@example.com or phone 434-415-8004. Presents with atypical chest discomfort radiating to left arm. Hospital C record."
PAT-HOSPITAL_C-0719,64,F,129,85,215.1,141.8,0,107,1,0,"Patient John Doe (MRN-100719, SSN 527-63-1878) admitted at Presbyterian Hospital in Dallas on 2026-02-19. Contact john.doe@example.com or phone 568-642-5485. History of hypertension and dyspnea on exertion. Hospital C record."
PAT-HOSPITAL_C-0720,56,M,131,73,288.7,98.7,0,172,0,0,"Patient Michael Brown (MRN-100720, SSN 711-91-6248) admitted at Mercy General Hospital in Atlanta on 2026-01-14. Contact michael.brown@example.com or phone 304-286-7854. History of hypertension and dyspnea on exertion. Hospital C record."
PAT-HOSPITAL_C-0721,51,M,126,82,247.4,107.7,3,101,0,1,"Patient Sarah Wilson (MRN-100721, SSN 296-81-1651) admitted at St. Jude Hospital in Atlanta on 2026-06-22. Contact sarah.wilson@example.com or phone 565-640-6870. Experiencing acute exertional angina and mild dizziness. Hospital C record."
PAT-HOSPITAL_C-0722,77,F,131,82,305.2,114.0,1,132,0,0,"Patient David Taylor (MRN-100722, SSN 179-57-7748) admitted at Mercy General Hospital in New York on 2026-04-24. Contact david.taylor@example.com or phone 256-877-4233. History of hypertension and dyspnea on exertion. Hospital C record."
PAT-HOSPITAL_C-0723,70,F,167,102,168.8,137.2,2,102,0,1,"Patient Robert Johnson (MRN-100723, SSN 723-55-7288) admitted at St. Jude Hospital in Miami on 2026-06-26. Contact robert.johnson@example.com or phone 451-662-7360. History of hypertension and dyspnea on exertion. Hospital C record."
PAT-HOSPITAL_C-0724,63,M,138,84,239.6,152.5,0,150,0,0,"Patient Alice Smith (MRN-100724, SSN 332-55-8452) admitted at Presbyterian Hospital in Seattle on 2026-07-27. Contact alice.smith@example.com or phone 745-215-3333. Reports tightness in chest and shortness of breath. Hospital C record."
PAT-HOSPITAL_C-0725,76,F,127,99,267.6,108.1,3,98,0,1,"Patient Laura Martinez (MRN-100725, SSN 763-82-6211) admitted at City Health Medical Center in Miami on 2026-06-17. Contact laura.martinez@example.com or phone 682-323-7140. Experiencing acute exertional angina and mild dizziness. Hospital C record."
PAT-HOSPITAL_C-0726,75,F,173,98,259.2,114.2,1,161,0,1,"Patient Sarah Wilson (MRN-100726, SSN 121-10-6623) admitted at St. Jude Hospital in Dallas on 2026-07-17. Contact sarah.wilson@example.com or phone 381-549-4931. Presents with atypical chest discomfort radiating to left arm. Hospital C record."
PAT-HOSPITAL_C-0727,58,F,143,96,252.6,114.5,1,110,0,0,"Patient Robert Johnson (MRN-100727, SSN 205-11-4472) admitted at City Health Medical Center in Seattle on 2026-08-25. Contact robert.johnson@example.com or phone 372-904-3188. Asymptomatic routine checkup with elevated blood pressure. Hospital C record."
PAT-HOSPITAL_C-0728,36,F,153,70,175.0,125.2,0,187,1,1,"Patient Sarah Wilson (MRN-100728, SSN 911-71-3183) admitted at City Health Medical Center in Chicago on 2026-04-21. Contact sarah.wilson@example.com or phone 728-528-7515. Presents with atypical chest discomfort radiating to left arm. Hospital C record."
PAT-HOSPITAL_C-0729,77,M,114,75,300.4,135.7,0,168,0,0,"Patient Sarah Wilson (MRN-100729, SSN 116-84-7393) admitted at St. Jude Hospital in New York on 2026-04-14. Contact sarah.wilson@example.com or phone 688-839-7075. Asymptomatic routine checkup with elevated blood pressure. Hospital C record."
PAT-HOSPITAL_C-0730,70,M,113,99,152.7,91.5,0,163,0,0,"Patient Emily Davis (MRN-100730, SSN 896-46-6205) admitted at City Health Medical Center in Miami on 2026-05-11. Contact emily.davis@example.com or phone 330-361-6387. History of hypertension and dyspnea on exertion. Hospital C record."
PAT-HOSPITAL_C-0731,51,M,165,82,294.3,152.0,3,155,1,0,"Patient Sarah Wilson (MRN-100731, SSN 492-43-7980) admitted at Mercy General Hospital in Chicago on 2026-02-16. Contact sarah.wilson@example.com or phone 291-496-9719. Experiencing acute exertional angina and mild dizziness. Hospital C record."
PAT-HOSPITAL_C-0732,69,F,129,99,303.1,144.6,1,140,0,0,"Patient John Doe (MRN-100732, SSN 188-33-8281) admitted at Mercy General Hospital in Seattle on 2026-08-16. Contact john.doe@example.com or phone 879-874-5872. Experiencing acute exertional angina and mild dizziness. Hospital C record."
PAT-HOSPITAL_C-0733,65,F,121,103,299.8,80.9,0,137,0,0,"Patient Michael Brown (MRN-100733, SSN 735-17-2909) admitted at Mercy General Hospital in Boston on 2026-06-11. Contact michael.brown@example.com or phone 735-708-7694. Reports tightness in chest and shortness of breath. Hospital C record."
PAT-HOSPITAL_C-0734,52,F,164,102,158.7,144.2,2,151,0,0,"Patient Alice Smith (MRN-100734, SSN 741-62-7757) admitted at St. Jude Hospital in San Francisco on 2026-08-25. Contact alice.smith@example.com or phone 261-574-5510. Reports tightness in chest and shortness of breath. Hospital C record."
PAT-HOSPITAL_C-0735,73,F,133,83,182.2,121.1,2,119,0,0,"Patient David Taylor (MRN-100735, SSN 360-26-6788) admitted at St. Jude Hospital in Boston on 2026-01-19. Contact david.taylor@example.com or phone 235-417-9269. Reports tightness in chest and shortness of breath. Hospital C record."
PAT-HOSPITAL_C-0736,67,M,144,89,314.4,136.0,2,111,1,1,"Patient Laura Martinez (MRN-100736, SSN 490-63-2079) admitted at City Health Medical Center in New York on 2026-06-10. Contact laura.martinez@example.com or phone 726-283-9456. Reports tightness in chest and shortness of breath. Hospital C record."
PAT-HOSPITAL_C-0737,43,F,131,87,194.8,128.8,3,177,0,1,"Patient Emily Davis (MRN-100737, SSN 465-40-4843) admitted at Presbyterian Hospital in New York on 2026-08-15. Contact emily.davis@example.com or phone 485-663-8338. Reports tightness in chest and shortness of breath. Hospital C record."
PAT-HOSPITAL_C-0738,73,M,142,101,251.2,102.6,1,148,1,0,"Patient Alice Smith (MRN-100738, SSN 316-54-2666) admitted at City Health Medical Center in Atlanta on 2026-03-19. Contact alice.smith@example.com or phone 546-398-6225. Presents with atypical chest discomfort radiating to left arm. Hospital C record."
PAT-HOSPITAL_C-0739,76,M,129,102,256.3,116.3,0,100,1,1,"Patient Alice Smith (MRN-100739, SSN 359-51-7154) admitted at Mercy General Hospital in Atlanta on 2026-06-14. Contact alice.smith@example.com or phone 255-583-4625. Asymptomatic routine checkup with elevated blood pressure. Hospital C record."
PAT-HOSPITAL_C-0740,40,F,173,104,311.3,130.0,3,190,0,0,"Patient Alice Smith (MRN-100740, SSN 929-23-1642) admitted at Presbyterian Hospital in Seattle on 2026-06-25. Contact alice.smith@example.com or phone 775-555-3499. Experiencing acute exertional angina and mild dizziness. Hospital C record."
PAT-HOSPITAL_C-0741,45,M,172,105,233.6,146.3,1,193,0,0,"Patient Emily Davis (MRN-100741, SSN 424-25-4376) admitted at Presbyterian Hospital in Miami on 2026-06-27. Contact emily.davis@example.com or phone 960-568-7616. Asymptomatic routine checkup with elevated blood pressure. Hospital C record."
PAT-HOSPITAL_C-0742,78,M,123,102,279.9,121.9,0,131,1,0,"Patient Laura Martinez (MRN-100742, SSN 380-70-3854) admitted at Presbyterian Hospital in Dallas on 2026-08-24. Contact laura.martinez@example.com or phone 323-604-4300. History of hypertension and dyspnea on exertion. Hospital C record."
PAT-HOSPITAL_C-0743,66,M,160,76,225.3,109.1,1,190,0,0,"Patient David Taylor (MRN-100743, SSN 838-82-6423) admitted at St. Jude Hospital in New York on 2026-07-26. Contact david.taylor@example.com or phone 959-990-7156. Asymptomatic routine checkup with elevated blood pressure. Hospital C record."
PAT-HOSPITAL_C-0744,75,M,155,72,231.1,90.4,1,114,1,0,"Patient Alice Smith (MRN-100744, SSN 363-14-6406) admitted at Presbyterian Hospital in Miami on 2026-08-26. Contact alice.smith@example.com or phone 212-660-8684. History of hypertension and dyspnea on exertion. Hospital C record."
PAT-HOSPITAL_C-0745,48,M,157,89,194.0,159.7,1,176,0,1,"Patient Laura Martinez (MRN-100745, SSN 975-12-4207) admitted at Presbyterian Hospital in New York on 2026-04-21. Contact laura.martinez@example.com or phone 701-603-6020. History of hypertension and dyspnea on exertion. Hospital C record."
PAT-HOSPITAL_C-0746,37,M,129,77,286.6,117.8,2,152,1,1,"Patient Sarah Wilson (MRN-100746, SSN 924-16-4229) admitted at St. Jude Hospital in Dallas on 2026-08-16. Contact sarah.wilson@example.com or phone 202-494-2141. Asymptomatic routine checkup with elevated blood pressure. Hospital C record."
PAT-HOSPITAL_C-0747,45,F,168,99,188.2,155.0,0,191,1,0,"Patient Robert Johnson (MRN-100747, SSN 831-58-2761) admitted at St. Jude Hospital in Chicago on 2026-05-16. Contact robert.johnson@example.com or phone 858-762-1583. Asymptomatic routine checkup with elevated blood pressure. Hospital C record."
PAT-HOSPITAL_C-0748,46,F,135,80,167.2,136.8,2,145,0,1,"Patient Michael Brown (MRN-100748, SSN 718-32-3813) admitted at Mercy General Hospital in San Francisco on 2026-02-13. Contact michael.brown@example.com or phone 957-343-4940. Experiencing acute exertional angina and mild dizziness. Hospital C record."
PAT-HOSPITAL_C-0749,56,F,133,79,233.6,126.5,3,123,1,1,"Patient Laura Martinez (MRN-100749, SSN 425-55-7795) admitted at City Health Medical Center in Miami on 2026-02-20. Contact laura.martinez@example.com or phone 806-243-7207. Experiencing acute exertional angina and mild dizziness. Hospital C record."
PAT-HOSPITAL_C-0750,49,F,111,103,243.0,152.8,1,100,0,1,"Patient Laura Martinez (MRN-100750, SSN 831-74-9680) admitted at Mercy General Hospital in New York on 2026-07-10. Contact laura.martinez@example.com or phone 815-444-8349. History of hypertension and dyspnea on exertion. Hospital C record."
PAT-HOSPITAL_C-0751,41,M,129,107,262.5,87.8,3,144,0,1,"Patient Robert Johnson (MRN-100751, SSN 558-39-5963) admitted at City Health Medical Center in Chicago on 2026-07-21. Contact robert.johnson@example.com or phone 225-778-5318. History of hypertension and dyspnea on exertion. Hospital C record."
PAT-HOSPITAL_C-0752,60,F,129,79,163.3,117.6,1,99,0,1,"Patient David Taylor (MRN-100752, SSN 534-18-5011) admitted at St. Jude Hospital in New York on 2026-02-26. Contact david.taylor@example.com or phone 595-878-3626. History of hypertension and dyspnea on exertion. Hospital C record."
PAT-HOSPITAL_C-0753,61,M,164,71,223.4,120.4,3,174,0,1,"Patient Michael Brown (MRN-100753, SSN 904-89-4286) admitted at Presbyterian Hospital in Seattle on 2026-02-17. Contact michael.brown@example.com or phone 561-864-1090. Reports tightness in chest and shortness of breath. Hospital C record."
PAT-HOSPITAL_C-0754,76,F,164,79,215.0,90.6,3,152,0,1,"Patient Alice Smith (MRN-100754, SSN 597-94-4083) admitted at Mercy General Hospital in Atlanta on 2026-04-23. Contact alice.smith@example.com or phone 847-802-8043. Experiencing acute exertional angina and mild dizziness. Hospital C record."
PAT-HOSPITAL_C-0755,61,F,114,99,191.0,82.9,1,116,1,0,"Patient John Doe (MRN-100755, SSN 921-78-3757) admitted at Presbyterian Hospital in Chicago on 2026-08-22. Contact john.doe@example.com or phone 496-750-2973. Experiencing acute exertional angina and mild dizziness. Hospital C record."
PAT-HOSPITAL_C-0756,64,M,157,89,234.1,139.0,2,182,0,1,"Patient Laura Martinez (MRN-100756, SSN 420-89-6691) admitted at Mercy General Hospital in Seattle on 2026-02-24. Contact laura.martinez@example.com or phone 474-848-1281. Experiencing acute exertional angina and mild dizziness. Hospital C record."
PAT-HOSPITAL_C-0757,58,M,145,87,248.6,81.4,0,153,0,0,"Patient David Taylor (MRN-100757, SSN 390-91-7540) admitted at St. Jude Hospital in Boston on 2026-04-16. Contact david.taylor@example.com or phone 824-899-7684. Asymptomatic routine checkup with elevated blood pressure. Hospital C record."
PAT-HOSPITAL_C-0758,51,F,155,103,248.9,147.9,3,99,0,0,"Patient Laura Martinez (MRN-100758, SSN 579-75-5395) admitted at Presbyterian Hospital in Chicago on 2026-02-14. Contact laura.martinez@example.com or phone 540-302-7475. Experiencing acute exertional angina and mild dizziness. Hospital C record."
PAT-HOSPITAL_C-0759,36,F,110,93,304.7,138.7,1,148,0,0,"Patient Michael Brown (MRN-100759, SSN 370-32-9097) admitted at Presbyterian Hospital in New York on 2026-06-19. Contact michael.brown@example.com or phone 541-645-8240. History of hypertension and dyspnea on exertion. Hospital C record."
PAT-HOSPITAL_C-0760,61,M,144,96,206.2,150.1,2,135,1,0,"Patient Sarah Wilson (MRN-100760, SSN 354-16-1948) admitted at Mercy General Hospital in Atlanta on 2026-07-11. Contact sarah.wilson@example.com or phone 338-537-5089. Presents with atypical chest discomfort radiating to left arm. Hospital C record."
PAT-HOSPITAL_C-0761,74,M,150,71,218.0,158.1,2,178,0,0,"Patient Sarah Wilson (MRN-100761, SSN 966-98-8701) admitted at Presbyterian Hospital in New York on 2026-03-24. Contact sarah.wilson@example.com or phone 208-457-2468. Asymptomatic routine checkup with elevated blood pressure. Hospital C record."
PAT-HOSPITAL_C-0762,66,F,131,70,208.9,144.9,0,133,0,1,"Patient Michael Brown (MRN-100762, SSN 985-16-1845) admitted at St. Jude Hospital in Miami on 2026-07-26. Contact michael.brown@example.com or phone 291-895-4308. Presents with atypical chest discomfort radiating to left arm. Hospital C record."
PAT-HOSPITAL_C-0763,64,F,123,78,204.4,119.5,0,143,0,1,"Patient Robert Johnson (MRN-100763, SSN 181-23-3571) admitted at Presbyterian Hospital in Boston on 2026-08-11. Contact robert.johnson@example.com or phone 497-909-8956. Reports tightness in chest and shortness of breath. Hospital C record."
PAT-HOSPITAL_C-0764,66,M,117,80,160.1,105.2,0,96,0,1,"Patient David Taylor (MRN-100764, SSN 857-51-6119) admitted at City Health Medical Center in Dallas on 2026-07-14. Contact david.taylor@example.com or phone 242-363-4761. Presents with atypical chest discomfort radiating to left arm. Hospital C record."
PAT-HOSPITAL_C-0765,70,M,134,109,318.5,90.0,1,122,1,1,"Patient Emily Davis (MRN-100765, SSN 431-73-3703) admitted at Mercy General Hospital in Seattle on 2026-06-15. Contact emily.davis@example.com or phone 979-374-1706. History of hypertension and dyspnea on exertion. Hospital C record."
PAT-HOSPITAL_C-0766,39,F,163,100,206.8,137.9,0,133,0,0,"Patient Robert Johnson (MRN-100766, SSN 631-16-4606) admitted at St. Jude Hospital in Atlanta on 2026-03-11. Contact robert.johnson@example.com or phone 398-994-6801. Presents with atypical chest discomfort radiating to left arm. Hospital C record."
PAT-HOSPITAL_C-0767,68,M,115,77,168.8,91.1,0,94,1,0,"Patient David Taylor (MRN-100767, SSN 457-14-5494) admitted at Mercy General Hospital in Chicago on 2026-03-16. Contact david.taylor@example.com or phone 459-867-1100. Presents with atypical chest discomfort radiating to left arm. Hospital C record."
PAT-HOSPITAL_C-0768,66,M,110,98,155.1,92.5,0,164,1,0,"Patient David Taylor (MRN-100768, SSN 655-26-6468) admitted at Presbyterian Hospital in Atlanta on 2026-05-14. Contact david.taylor@example.com or phone 493-670-1265. Reports tightness in chest and shortness of breath. Hospital C record."
PAT-HOSPITAL_C-0769,73,M,171,78,240.9,117.6,0,102,0,0,"Patient Robert Johnson (MRN-100769, SSN 529-28-6898) admitted at Presbyterian Hospital in Chicago on 2026-04-15. Contact robert.johnson@example.com or phone 532-565-1220. History of hypertension and dyspnea on exertion. Hospital C record."
PAT-HOSPITAL_C-0770,35,F,158,70,207.0,159.0,0,168,1,0,"Patient Alice Smith (MRN-100770, SSN 894-72-8779) admitted at City Health Medical Center in Chicago on 2026-01-18. Contact alice.smith@example.com or phone 754-384-1538. History of hypertension and dyspnea on exertion. Hospital C record."
PAT-HOSPITAL_C-0771,78,F,173,105,275.9,139.7,2,121,0,1,"Patient Emily Davis (MRN-100771, SSN 307-36-8182) admitted at Mercy General Hospital in Chicago on 2026-06-23. Contact emily.davis@example.com or phone 232-986-9581. Reports tightness in chest and shortness of breath. Hospital C record."
PAT-HOSPITAL_C-0772,61,M,128,75,208.1,134.1,3,117,0,0,"Patient Robert Johnson (MRN-100772, SSN 927-71-5178) admitted at City Health Medical Center in New York on 2026-01-21. Contact robert.johnson@example.com or phone 201-651-7778. Reports tightness in chest and shortness of breath. Hospital C record."
PAT-HOSPITAL_C-0773,56,M,158,79,224.4,93.7,2,157,0,0,"Patient Robert Johnson (MRN-100773, SSN 146-30-2043) admitted at Mercy General Hospital in San Francisco on 2026-07-21. Contact robert.johnson@example.com or phone 308-644-4962. History of hypertension and dyspnea on exertion. Hospital C record."
PAT-HOSPITAL_C-0774,58,F,121,71,283.5,103.2,3,142,1,0,"Patient John Doe (MRN-100774, SSN 484-94-2220) admitted at City Health Medical Center in Miami on 2026-03-26. Contact john.doe@example.com or phone 412-994-2782. Reports tightness in chest and shortness of breath. Hospital C record."
PAT-HOSPITAL_C-0775,67,M,165,106,166.0,116.8,2,106,0,0,"Patient Sarah Wilson (MRN-100775, SSN 608-41-2221) admitted at St. Jude Hospital in New York on 2026-04-15. Contact sarah.wilson@example.com or phone 455-551-6435. Experiencing acute exertional angina and mild dizziness. Hospital C record."
PAT-HOSPITAL_C-0776,46,F,117,86,156.9,112.6,3,118,0,0,"Patient Robert Johnson (MRN-100776, SSN 924-64-2587) admitted at Mercy General Hospital in Miami on 2026-08-10. Contact robert.johnson@example.com or phone 250-961-1667. History of hypertension and dyspnea on exertion. Hospital C record."
PAT-HOSPITAL_C-0777,58,M,120,79,283.2,125.4,1,112,0,0,"Patient Laura Martinez (MRN-100777, SSN 142-87-3403) admitted at Presbyterian Hospital in San Francisco on 2026-03-10. Contact laura.martinez@example.com or phone 242-582-7369. Presents with atypical chest discomfort radiating to left arm. Hospital C record."
PAT-HOSPITAL_C-0778,73,F,177,88,272.4,95.9,1,150,0,1,"Patient Laura Martinez (MRN-100778, SSN 394-61-9218) admitted at St. Jude Hospital in Seattle on 2026-03-11. Contact laura.martinez@example.com or phone 630-971-2770. Asymptomatic routine checkup with elevated blood pressure. Hospital C record."
PAT-HOSPITAL_C-0779,49,F,145,101,256.8,85.0,2,112,1,1,"Patient Michael Brown (MRN-100779, SSN 292-84-4487) admitted at Mercy General Hospital in San Francisco on 2026-02-14. Contact michael.brown@example.com or phone 933-533-7347. Experiencing acute exertional angina and mild dizziness. Hospital C record."
PAT-HOSPITAL_C-0780,37,F,115,103,277.9,119.2,0,149,0,1,"Patient Robert Johnson (MRN-100780, SSN 419-95-3868) admitted at City Health Medical Center in Dallas on 2026-04-14. Contact robert.johnson@example.com or phone 618-907-6163. Presents with atypical chest discomfort radiating to left arm. Hospital C record."
PAT-HOSPITAL_C-0781,45,F,146,71,305.9,142.7,0,183,0,0,"Patient Emily Davis (MRN-100781, SSN 871-24-7887) admitted at Mercy General Hospital in Seattle on 2026-05-19. Contact emily.davis@example.com or phone 799-588-3049. Experiencing acute exertional angina and mild dizziness. Hospital C record."
PAT-HOSPITAL_C-0782,60,F,118,98,210.6,159.6,3,92,0,0,"Patient Sarah Wilson (MRN-100782, SSN 473-88-7690) admitted at Presbyterian Hospital in San Francisco on 2026-02-25. Contact sarah.wilson@example.com or phone 785-336-9089. Reports tightness in chest and shortness of breath. Hospital C record."
PAT-HOSPITAL_C-0783,76,M,118,75,275.8,114.1,2,170,0,0,"Patient Michael Brown (MRN-100783, SSN 658-51-5056) admitted at Mercy General Hospital in Dallas on 2026-01-12. Contact michael.brown@example.com or phone 327-354-3463. Reports tightness in chest and shortness of breath. Hospital C record."
PAT-HOSPITAL_C-0784,37,M,161,70,293.5,89.8,0,184,0,1,"Patient John Doe (MRN-100784, SSN 391-55-1595) admitted at Presbyterian Hospital in Atlanta on 2026-07-13. Contact john.doe@example.com or phone 391-307-7138. Reports tightness in chest and shortness of breath. Hospital C record."
PAT-HOSPITAL_C-0785,63,M,177,101,282.4,126.2,2,167,0,1,"Patient Michael Brown (MRN-100785, SSN 625-41-9835) admitted at Presbyterian Hospital in Chicago on 2026-02-22. Contact michael.brown@example.com or phone 212-909-7138. Asymptomatic routine checkup with elevated blood pressure. Hospital C record."
PAT-HOSPITAL_C-0786,66,F,128,75,229.1,91.4,1,146,1,1,"Patient David Taylor (MRN-100786, SSN 968-52-8420) admitted at St. Jude Hospital in Seattle on 2026-02-12. Contact david.taylor@example.com or phone 549-935-6806. Experiencing acute exertional angina and mild dizziness. Hospital C record."
PAT-HOSPITAL_C-0787,35,F,156,73,154.4,80.6,1,113,0,1,"Patient Robert Johnson (MRN-100787, SSN 785-43-1714) admitted at Presbyterian Hospital in Dallas on 2026-08-13. Contact robert.johnson@example.com or phone 371-795-9821. Experiencing acute exertional angina and mild dizziness. Hospital C record."
PAT-HOSPITAL_C-0788,71,F,137,108,172.5,132.8,1,154,0,1,"Patient David Taylor (MRN-100788, SSN 700-52-9141) admitted at Mercy General Hospital in Dallas on 2026-02-14. Contact david.taylor@example.com or phone 976-259-6855. Reports tightness in chest and shortness of breath. Hospital C record."
PAT-HOSPITAL_C-0789,42,M,161,85,225.5,108.1,2,152,0,0,"Patient Michael Brown (MRN-100789, SSN 550-42-7565) admitted at City Health Medical Center in Atlanta on 2026-06-26. Contact michael.brown@example.com or phone 559-769-2907. Experiencing acute exertional angina and mild dizziness. Hospital C record."
PAT-HOSPITAL_C-0790,40,F,133,85,223.1,94.1,1,118,0,1,"Patient Emily Davis (MRN-100790, SSN 809-36-7236) admitted at Presbyterian Hospital in San Francisco on 2026-05-14. Contact emily.davis@example.com or phone 245-836-3454. Presents with atypical chest discomfort radiating to left arm. Hospital C record."
PAT-HOSPITAL_C-0791,79,F,137,104,239.1,131.4,0,172,0,1,"Patient Michael Brown (MRN-100791, SSN 182-39-9717) admitted at Presbyterian Hospital in Miami on 2026-02-17. Contact michael.brown@example.com or phone 953-232-1562. Reports tightness in chest and shortness of breath. Hospital C record."
PAT-HOSPITAL_C-0792,46,F,171,109,310.3,110.2,2,120,1,0,"Patient Emily Davis (MRN-100792, SSN 635-72-5902) admitted at Mercy General Hospital in Miami on 2026-06-21. Contact emily.davis@example.com or phone 309-404-5205. History of hypertension and dyspnea on exertion. Hospital C record."
PAT-HOSPITAL_C-0793,64,M,164,94,248.9,158.1,2,101,1,0,"Patient John Doe (MRN-100793, SSN 322-60-6417) admitted at Mercy General Hospital in Boston on 2026-08-25. Contact john.doe@example.com or phone 597-796-1949. Asymptomatic routine checkup with elevated blood pressure. Hospital C record."
PAT-HOSPITAL_C-0794,37,M,122,70,300.6,152.1,1,175,0,0,"Patient Sarah Wilson (MRN-100794, SSN 923-86-9215) admitted at City Health Medical Center in Boston on 2026-06-17. Contact sarah.wilson@example.com or phone 787-724-3932. Reports tightness in chest and shortness of breath. Hospital C record."
PAT-HOSPITAL_C-0795,66,M,120,77,193.2,96.7,1,187,0,1,"Patient Robert Johnson (MRN-100795, SSN 632-11-8705) admitted at Presbyterian Hospital in New York on 2026-08-13. Contact robert.johnson@example.com or phone 888-633-8826. Asymptomatic routine checkup with elevated blood pressure. Hospital C record."
PAT-HOSPITAL_C-0796,72,F,172,107,152.1,89.8,2,174,0,0,"Patient Sarah Wilson (MRN-100796, SSN 440-34-4543) admitted at St. Jude Hospital in Atlanta on 2026-01-13. Contact sarah.wilson@example.com or phone 411-313-5327. Reports tightness in chest and shortness of breath. Hospital C record."
PAT-HOSPITAL_C-0797,36,F,129,81,249.4,147.3,3,145,0,0,"Patient David Taylor (MRN-100797, SSN 932-28-3353) admitted at St. Jude Hospital in San Francisco on 2026-08-25. Contact david.taylor@example.com or phone 652-508-7511. Asymptomatic routine checkup with elevated blood pressure. Hospital C record."
PAT-HOSPITAL_C-0798,48,F,168,77,314.2,86.8,0,163,0,0,"Patient Laura Martinez (MRN-100798, SSN 488-95-6579) admitted at City Health Medical Center in Dallas on 2026-04-24. Contact laura.martinez@example.com or phone 540-422-2709. Reports tightness in chest and shortness of breath. Hospital C record."
PAT-HOSPITAL_C-0799,79,F,166,79,319.8,126.4,3,158,0,0,"Patient Robert Johnson (MRN-100799, SSN 820-47-6286) admitted at St. Jude Hospital in Chicago on 2026-08-17. Contact robert.johnson@example.com or phone 657-603-9132. Experiencing acute exertional angina and mild dizziness. Hospital C record."
PAT-HOSPITAL_C-0800,35,M,164,89,245.5,97.9,1,175,0,0,"Patient Robert Johnson (MRN-100800, SSN 281-31-1170) admitted at City Health Medical Center in San Francisco on 2026-06-21. Contact robert.johnson@example.com or phone 620-500-3795. Experiencing acute exertional angina and mild dizziness. Hospital C record."
PAT-HOSPITAL_C-0801,45,M,113,105,273.5,157.9,0,128,0,0,"Patient David Taylor (MRN-100801, SSN 902-94-6854) admitted at Presbyterian Hospital in New York on 2026-06-23. Contact david.taylor@example.com or phone 902-346-2059. Reports tightness in chest and shortness of breath. Hospital C record."
PAT-HOSPITAL_C-0802,75,M,154,95,289.6,153.0,3,118,0,1,"Patient David Taylor (MRN-100802, SSN 443-46-5201) admitted at St. Jude Hospital in San Francisco on 2026-01-18. Contact david.taylor@example.com or phone 205-445-1639. Presents with atypical chest discomfort radiating to left arm. Hospital C record."
PAT-HOSPITAL_C-0803,78,M,158,91,292.1,116.9,3,177,0,0,"Patient Michael Brown (MRN-100803, SSN 952-97-1219) admitted at Presbyterian Hospital in Chicago on 2026-05-23. Contact michael.brown@example.com or phone 481-933-6541. Asymptomatic routine checkup with elevated blood pressure. Hospital C record."
PAT-HOSPITAL_C-0804,63,M,149,74,308.2,153.3,2,112,0,1,"Patient John Doe (MRN-100804, SSN 462-43-9765) admitted at St. Jude Hospital in Chicago on 2026-01-26. Contact john.doe@example.com or phone 240-869-8805. Asymptomatic routine checkup with elevated blood pressure. Hospital C record."
PAT-HOSPITAL_C-0805,59,F,164,104,152.6,116.2,0,93,0,1,"Patient Sarah Wilson (MRN-100805, SSN 277-57-9223) admitted at City Health Medical Center in Boston on 2026-05-11. Contact sarah.wilson@example.com or phone 879-647-6463. Asymptomatic routine checkup with elevated blood pressure. Hospital C record."
PAT-HOSPITAL_C-0806,49,F,134,104,291.6,114.5,1,180,0,0,"Patient Michael Brown (MRN-100806, SSN 993-12-8662) admitted at St. Jude Hospital in Seattle on 2026-01-18. Contact michael.brown@example.com or phone 388-403-6984. Reports tightness in chest and shortness of breath. Hospital C record."
PAT-HOSPITAL_C-0807,53,M,125,105,232.0,82.8,3,185,0,1,"Patient Laura Martinez (MRN-100807, SSN 682-87-8377) admitted at St. Jude Hospital in Atlanta on 2026-03-19. Contact laura.martinez@example.com or phone 500-457-1498. Asymptomatic routine checkup with elevated blood pressure. Hospital C record."
PAT-HOSPITAL_C-0808,47,M,115,89,221.0,101.8,0,92,0,1,"Patient Sarah Wilson (MRN-100808, SSN 608-39-5842) admitted at City Health Medical Center in Atlanta on 2026-01-12. Contact sarah.wilson@example.com or phone 652-513-2413. Presents with atypical chest discomfort radiating to left arm. Hospital C record."
PAT-HOSPITAL_C-0809,58,F,140,98,214.1,84.1,2,170,0,0,"Patient Laura Martinez (MRN-100809, SSN 936-52-6714) admitted at Mercy General Hospital in Boston on 2026-06-15. Contact laura.martinez@example.com or phone 706-263-6403. Asymptomatic routine checkup with elevated blood pressure. Hospital C record."
PAT-HOSPITAL_C-0810,75,F,141,105,222.2,155.1,1,164,0,0,"Patient Michael Brown (MRN-100810, SSN 149-87-4386) admitted at Presbyterian Hospital in Atlanta on 2026-06-14. Contact michael.brown@example.com or phone 349-432-2934. Reports tightness in chest and shortness of breath. Hospital C record."
PAT-HOSPITAL_C-0811,63,M,154,70,294.0,130.8,0,95,0,0,"Patient David Taylor (MRN-100811, SSN 483-84-9221) admitted at St. Jude Hospital in New York on 2026-05-17. Contact david.taylor@example.com or phone 964-665-2609. Presents with atypical chest discomfort radiating to left arm. Hospital C record."
PAT-HOSPITAL_C-0812,39,M,143,90,154.5,128.4,1,170,0,1,"Patient Emily Davis (MRN-100812, SSN 425-34-6553) admitted at Mercy General Hospital in Miami on 2026-02-19. Contact emily.davis@example.com or phone 749-766-9699. Experiencing acute exertional angina and mild dizziness. Hospital C record."
PAT-HOSPITAL_C-0813,39,F,153,97,262.4,157.6,1,189,0,1,"Patient Michael Brown (MRN-100813, SSN 966-98-9443) admitted at City Health Medical Center in Dallas on 2026-03-26. Contact michael.brown@example.com or phone 478-463-8214. History of hypertension and dyspnea on exertion. Hospital C record."
PAT-HOSPITAL_C-0814,40,M,143,88,311.1,153.6,1,107,1,0,"Patient Michael Brown (MRN-100814, SSN 521-12-9908) admitted at Mercy General Hospital in Seattle on 2026-04-21. Contact michael.brown@example.com or phone 692-326-3558. Experiencing acute exertional angina and mild dizziness. Hospital C record."
PAT-HOSPITAL_C-0815,55,M,110,74,151.7,93.4,0,140,0,0,"Patient Michael Brown (MRN-100815, SSN 255-66-9628) admitted at Presbyterian Hospital in Chicago on 2026-04-22. Contact michael.brown@example.com or phone 678-956-2148. Presents with atypical chest discomfort radiating to left arm. Hospital C record."
PAT-HOSPITAL_C-0816,35,F,169,90,315.5,121.5,2,168,0,0,"Patient Robert Johnson (MRN-100816, SSN 121-48-6680) admitted at St. Jude Hospital in Miami on 2026-01-16. Contact robert.johnson@example.com or phone 760-289-1178. Reports tightness in chest and shortness of breath. Hospital C record."
PAT-HOSPITAL_C-0817,56,F,165,81,194.4,86.6,2,101,0,0,"Patient Michael Brown (MRN-100817, SSN 697-54-4758) admitted at Mercy General Hospital in Chicago on 2026-02-10. Contact michael.brown@example.com or phone 794-497-9224. History of hypertension and dyspnea on exertion. Hospital C record."
PAT-HOSPITAL_C-0818,74,M,168,102,204.1,85.6,2,93,0,0,"Patient Laura Martinez (MRN-100818, SSN 270-93-8840) admitted at St. Jude Hospital in Seattle on 2026-04-26. Contact laura.martinez@example.com or phone 683-466-7541. Presents with atypical chest discomfort radiating to left arm. Hospital C record."
PAT-HOSPITAL_C-0819,79,F,163,91,195.0,123.1,0,188,0,0,"Patient Sarah Wilson (MRN-100819, SSN 677-21-5806) admitted at City Health Medical Center in San Francisco on 2026-04-13. Contact sarah.wilson@example.com or phone 421-640-9276. Reports tightness in chest and shortness of breath. Hospital C record."
PAT-HOSPITAL_C-0820,35,M,114,95,269.6,158.6,3,194,0,1,"Patient David Taylor (MRN-100820, SSN 182-58-9675) admitted at Mercy General Hospital in Seattle on 2026-01-10. Contact david.taylor@example.com or phone 441-252-8364. Presents with atypical chest discomfort radiating to left arm. Hospital C record."
PAT-HOSPITAL_C-0821,53,F,127,103,268.1,117.3,0,108,0,0,"Patient Robert Johnson (MRN-100821, SSN 909-52-7005) admitted at Presbyterian Hospital in Miami on 2026-05-15. Contact robert.johnson@example.com or phone 218-457-4260. Experiencing acute exertional angina and mild dizziness. Hospital C record."
PAT-HOSPITAL_C-0822,36,M,139,104,200.3,125.5,3,121,1,0,"Patient Sarah Wilson (MRN-100822, SSN 626-95-5233) admitted at Mercy General Hospital in Dallas on 2026-02-16. Contact sarah.wilson@example.com or phone 680-560-8100. Presents with atypical chest discomfort radiating to left arm. Hospital C record."
PAT-HOSPITAL_C-0823,55,F,170,84,208.4,106.7,0,146,0,0,"Patient David Taylor (MRN-100823, SSN 930-12-2709) admitted at Mercy General Hospital in Boston on 2026-05-16. Contact david.taylor@example.com or phone 347-339-2787. Experiencing acute exertional angina and mild dizziness. Hospital C record."
PAT-HOSPITAL_C-0824,68,F,135,82,180.4,87.3,1,99,0,1,"Patient Sarah Wilson (MRN-100824, SSN 482-97-4174) admitted at Presbyterian Hospital in Atlanta on 2026-06-14. Contact sarah.wilson@example.com or phone 677-270-1024. Reports tightness in chest and shortness of breath. Hospital C record."
PAT-HOSPITAL_C-0825,67,F,152,106,200.0,130.8,1,96,0,0,"Patient Emily Davis (MRN-100825, SSN 686-94-3902) admitted at Presbyterian Hospital in Miami on 2026-06-14. Contact emily.davis@example.com or phone 627-552-8987. Experiencing acute exertional angina and mild dizziness. Hospital C record."
PAT-HOSPITAL_C-0826,62,F,120,72,164.2,92.7,2,165,0,0,"Patient Emily Davis (MRN-100826, SSN 811-37-7569) admitted at Presbyterian Hospital in Atlanta on 2026-02-26. Contact emily.davis@example.com or phone 863-798-6034. Presents with atypical chest discomfort radiating to left arm. Hospital C record."
PAT-HOSPITAL_C-0827,57,M,171,91,271.4,144.8,1,98,1,0,"Patient John Doe (MRN-100827, SSN 861-97-1675) admitted at Mercy General Hospital in New York on 2026-01-17. Contact john.doe@example.com or phone 794-545-7205. Experiencing acute exertional angina and mild dizziness. Hospital C record."
PAT-HOSPITAL_C-0828,52,M,127,107,281.2,157.0,3,97,0,0,"Patient Laura Martinez (MRN-100828, SSN 727-54-2321) admitted at City Health Medical Center in Seattle on 2026-04-19. Contact laura.martinez@example.com or phone 782-956-9646. History of hypertension and dyspnea on exertion. Hospital C record."
PAT-HOSPITAL_C-0829,72,M,135,104,214.2,135.7,3,175,0,0,"Patient David Taylor (MRN-100829, SSN 411-24-6435) admitted at Mercy General Hospital in Chicago on 2026-06-20. Contact david.taylor@example.com or phone 399-955-9473. Asymptomatic routine checkup with elevated blood pressure. Hospital C record."
PAT-HOSPITAL_C-0830,60,M,174,82,313.1,92.6,2,155,1,1,"Patient John Doe (MRN-100830, SSN 171-75-2909) admitted at Mercy General Hospital in San Francisco on 2026-08-23. Contact john.doe@example.com or phone 851-218-5550. Reports tightness in chest and shortness of breath. Hospital C record."
PAT-HOSPITAL_C-0831,54,M,158,70,225.1,81.0,2,102,1,0,"Patient John Doe (MRN-100831, SSN 632-75-1499) admitted at St. Jude Hospital in Dallas on 2026-07-16. Contact john.doe@example.com or phone 814-302-9648. Experiencing acute exertional angina and mild dizziness. Hospital C record."
PAT-HOSPITAL_C-0832,41,F,158,73,214.1,115.0,0,133,0,1,"Patient Laura Martinez (MRN-100832, SSN 136-82-9185) admitted at City Health Medical Center in Atlanta on 2026-04-18. Contact laura.martinez@example.com or phone 527-213-7258. History of hypertension and dyspnea on exertion. Hospital C record."
PAT-HOSPITAL_C-0833,72,M,176,88,252.3,121.7,2,144,0,0,"Patient Michael Brown (MRN-100833, SSN 905-19-6485) admitted at St. Jude Hospital in Chicago on 2026-06-26. Contact michael.brown@example.com or phone 992-890-3802. Presents with atypical chest discomfort radiating to left arm. Hospital C record."
PAT-HOSPITAL_C-0834,65,M,113,106,247.4,145.2,2,165,0,1,"Patient Alice Smith (MRN-100834, SSN 540-96-8912) admitted at Presbyterian Hospital in Miami on 2026-02-10. Contact alice.smith@example.com or phone 522-305-3152. Asymptomatic routine checkup with elevated blood pressure. Hospital C record."
PAT-HOSPITAL_C-0835,65,M,121,83,283.7,106.1,0,93,0,0,"Patient Laura Martinez (MRN-100835, SSN 209-52-3536) admitted at City Health Medical Center in Boston on 2026-04-20. Contact laura.martinez@example.com or phone 650-803-9819. Asymptomatic routine checkup with elevated blood pressure. Hospital C record."
PAT-HOSPITAL_C-0836,66,F,168,81,188.2,120.4,2,133,0,1,"Patient Michael Brown (MRN-100836, SSN 742-62-9636) admitted at City Health Medical Center in Seattle on 2026-04-26. Contact michael.brown@example.com or phone 292-575-1768. Presents with atypical chest discomfort radiating to left arm. Hospital C record."
PAT-HOSPITAL_C-0837,60,F,179,91,172.4,95.7,2,193,0,0,"Patient Emily Davis (MRN-100837, SSN 272-93-8607) admitted at Presbyterian Hospital in San Francisco on 2026-07-19. Contact emily.davis@example.com or phone 731-302-4631. Experiencing acute exertional angina and mild dizziness. Hospital C record."
PAT-HOSPITAL_C-0838,72,F,149,71,271.9,129.9,3,137,1,0,"Patient Robert Johnson (MRN-100838, SSN 426-98-1553) admitted at City Health Medical Center in Miami on 2026-06-24. Contact robert.johnson@example.com or phone 564-405-5140. Presents with atypical chest discomfort radiating to left arm. Hospital C record."
PAT-HOSPITAL_C-0839,68,F,166,105,292.3,80.5,3,186,0,0,"Patient Michael Brown (MRN-100839, SSN 562-88-8556) admitted at City Health Medical Center in Chicago on 2026-08-22. Contact michael.brown@example.com or phone 810-220-6407. Experiencing acute exertional angina and mild dizziness. Hospital C record."
PAT-HOSPITAL_C-0840,60,F,177,95,168.6,110.0,2,122,0,1,"Patient John Doe (MRN-100840, SSN 978-22-6113) admitted at Presbyterian Hospital in Boston on 2026-02-17. Contact john.doe@example.com or phone 236-476-9487. Asymptomatic routine checkup with elevated blood pressure. Hospital C record."
PAT-HOSPITAL_C-0841,62,F,125,82,173.4,119.7,0,192,0,0,"Patient Michael Brown (MRN-100841, SSN 657-69-9252) admitted at Mercy General Hospital in San Francisco on 2026-01-10. Contact michael.brown@example.com or phone 929-549-3804. History of hypertension and dyspnea on exertion. Hospital C record."
PAT-HOSPITAL_C-0842,50,F,159,86,260.4,88.8,1,99,0,0,"Patient Robert Johnson (MRN-100842, SSN 652-38-9830) admitted at St. Jude Hospital in Boston on 2026-07-24. Contact robert.johnson@example.com or phone 947-760-4641. Asymptomatic routine checkup with elevated blood pressure. Hospital C record."
PAT-HOSPITAL_C-0843,74,F,151,85,291.7,140.9,0,125,1,0,"Patient Laura Martinez (MRN-100843, SSN 917-34-8775) admitted at Presbyterian Hospital in New York on 2026-06-24. Contact laura.martinez@example.com or phone 214-220-9431. Asymptomatic routine checkup with elevated blood pressure. Hospital C record."
PAT-HOSPITAL_C-0844,52,F,152,103,234.4,155.6,2,115,0,0,"Patient Alice Smith (MRN-100844, SSN 516-74-1409) admitted at St. Jude Hospital in Seattle on 2026-06-18. Contact alice.smith@example.com or phone 409-250-4613. Experiencing acute exertional angina and mild dizziness. Hospital C record."
PAT-HOSPITAL_C-0845,42,F,167,78,217.0,102.0,0,107,1,0,"Patient Laura Martinez (MRN-100845, SSN 202-44-6189) admitted at Mercy General Hospital in Chicago on 2026-04-24. Contact laura.martinez@example.com or phone 757-707-5424. Reports tightness in chest and shortness of breath. Hospital C record."
PAT-HOSPITAL_C-0846,51,F,135,101,266.1,107.5,1,153,1,1,"Patient Sarah Wilson (MRN-100846, SSN 546-28-4210) admitted at St. Jude Hospital in Atlanta on 2026-04-16. Contact sarah.wilson@example.com or phone 713-733-7549. Presents with atypical chest discomfort radiating to left arm. Hospital C record."
PAT-HOSPITAL_C-0847,59,M,136,81,199.9,124.0,3,192,0,0,"Patient Michael Brown (MRN-100847, SSN 158-52-7303) admitted at City Health Medical Center in Chicago on 2026-07-15. Contact michael.brown@example.com or phone 858-819-5145. History of hypertension and dyspnea on exertion. Hospital C record."
PAT-HOSPITAL_C-0848,38,F,147,105,166.2,154.9,1,95,0,1,"Patient Robert Johnson (MRN-100848, SSN 962-14-5855) admitted at Mercy General Hospital in New York on 2026-04-12. Contact robert.johnson@example.com or phone 251-599-3803. Asymptomatic routine checkup with elevated blood pressure. Hospital C record."
PAT-HOSPITAL_C-0849,72,M,134,73,275.8,130.1,0,149,0,0,"Patient Laura Martinez (MRN-100849, SSN 633-61-6763) admitted at Presbyterian Hospital in Chicago on 2026-01-26. Contact laura.martinez@example.com or phone 686-399-6217. Experiencing acute exertional angina and mild dizziness. Hospital C record."
PAT-HOSPITAL_C-0850,54,F,155,70,162.5,129.2,2,181,0,1,"Patient Sarah Wilson (MRN-100850, SSN 115-71-4897) admitted at St. Jude Hospital in Atlanta on 2026-04-11. Contact sarah.wilson@example.com or phone 278-616-6795. History of hypertension and dyspnea on exertion. Hospital C record."
PAT-HOSPITAL_C-0851,58,F,141,96,219.4,118.7,1,130,0,0,"Patient David Taylor (MRN-100851, SSN 255-74-5696) admitted at Mercy General Hospital in San Francisco on 2026-05-12. Contact david.taylor@example.com or phone 783-658-1385. History of hypertension and dyspnea on exertion. Hospital C record."
PAT-HOSPITAL_C-0852,37,F,171,98,276.1,99.7,0,169,1,0,"Patient Sarah Wilson (MRN-100852, SSN 369-58-7839) admitted at Presbyterian Hospital in Atlanta on 2026-03-10. Contact sarah.wilson@example.com or phone 967-492-1214. History of hypertension and dyspnea on exertion. Hospital C record."
PAT-HOSPITAL_C-0853,44,M,164,81,212.6,114.8,0,169,0,0,"Patient David Taylor (MRN-100853, SSN 471-41-6898) admitted at Presbyterian Hospital in Atlanta on 2026-08-17. Contact david.taylor@example.com or phone 945-848-4071. Experiencing acute exertional angina and mild dizziness. Hospital C record."
PAT-HOSPITAL_C-0854,73,F,123,98,292.8,94.1,2,97,0,0,"Patient David Taylor (MRN-100854, SSN 515-58-5908) admitted at Mercy General Hospital in New York on 2026-05-15. Contact david.taylor@example.com or phone 562-961-7131. Experiencing acute exertional angina and mild dizziness. Hospital C record."
PAT-HOSPITAL_C-0855,67,M,156,91,157.8,81.2,1,129,0,1,"Patient Alice Smith (MRN-100855, SSN 424-48-1061) admitted at City Health Medical Center in San Francisco on 2026-01-16. Contact alice.smith@example.com or phone 900-467-1011. History of hypertension and dyspnea on exertion. Hospital C record."
PAT-HOSPITAL_C-0856,70,M,148,103,200.9,144.3,3,97,0,0,"Patient Alice Smith (MRN-100856, SSN 900-64-3749) admitted at St. Jude Hospital in Boston on 2026-05-17. Contact alice.smith@example.com or phone 800-722-8784. Reports tightness in chest and shortness of breath. Hospital C record."
PAT-HOSPITAL_C-0857,55,M,122,88,201.8,124.6,2,136,0,1,"Patient Alice Smith (MRN-100857, SSN 206-42-2725) admitted at St. Jude Hospital in Chicago on 2026-01-16. Contact alice.smith@example.com or phone 829-501-5639. History of hypertension and dyspnea on exertion. Hospital C record."
PAT-HOSPITAL_C-0858,70,M,155,94,263.7,110.5,3,156,0,1,"Patient Robert Johnson (MRN-100858, SSN 282-91-2032) admitted at Mercy General Hospital in New York on 2026-08-21. Contact robert.johnson@example.com or phone 835-432-4070. Presents with atypical chest discomfort radiating to left arm. Hospital C record."
PAT-HOSPITAL_C-0859,61,M,110,73,213.4,133.0,3,90,0,0,"Patient Emily Davis (MRN-100859, SSN 600-26-5613) admitted at St. Jude Hospital in Dallas on 2026-02-22. Contact emily.davis@example.com or phone 953-515-4032. Asymptomatic routine checkup with elevated blood pressure. Hospital C record."
PAT-HOSPITAL_C-0860,35,F,111,84,242.7,87.7,0,143,0,1,"Patient Sarah Wilson (MRN-100860, SSN 662-71-3345) admitted at St. Jude Hospital in Seattle on 2026-01-13. Contact sarah.wilson@example.com or phone 460-510-1888. History of hypertension and dyspnea on exertion. Hospital C record."
PAT-HOSPITAL_C-0861,77,F,154,107,255.7,145.2,1,160,0,0,"Patient Michael Brown (MRN-100861, SSN 721-34-7221) admitted at Mercy General Hospital in Miami on 2026-03-15. Contact michael.brown@example.com or phone 984-470-6745. Reports tightness in chest and shortness of breath. Hospital C record."
PAT-HOSPITAL_C-0862,73,M,120,75,201.1,124.2,2,108,0,0,"Patient Alice Smith (MRN-100862, SSN 308-34-8836) admitted at Mercy General Hospital in Boston on 2026-02-20. Contact alice.smith@example.com or phone 802-233-7882. Asymptomatic routine checkup with elevated blood pressure. Hospital C record."
PAT-HOSPITAL_C-0863,44,M,130,89,313.8,148.3,2,144,0,1,"Patient John Doe (MRN-100863, SSN 921-35-6107) admitted at City Health Medical Center in Boston on 2026-01-22. Contact john.doe@example.com or phone 250-532-9533. Presents with atypical chest discomfort radiating to left arm. Hospital C record."
PAT-HOSPITAL_C-0864,79,M,175,70,248.6,142.3,1,172,0,0,"Patient David Taylor (MRN-100864, SSN 515-74-3021) admitted at Presbyterian Hospital in Atlanta on 2026-03-19. Contact david.taylor@example.com or phone 964-965-8593. Presents with atypical chest discomfort radiating to left arm. Hospital C record."
PAT-HOSPITAL_C-0865,48,M,131,109,228.9,122.4,2,180,1,0,"Patient John Doe (MRN-100865, SSN 859-74-9973) admitted at Mercy General Hospital in Seattle on 2026-02-24. Contact john.doe@example.com or phone 670-854-4017. Reports tightness in chest and shortness of breath. Hospital C record."
PAT-HOSPITAL_C-0866,77,M,162,90,235.2,87.3,3,95,0,1,"Patient Laura Martinez (MRN-100866, SSN 379-75-6016) admitted at City Health Medical Center in Chicago on 2026-02-14. Contact laura.martinez@example.com or phone 839-576-2838. Reports tightness in chest and shortness of breath. Hospital C record."
PAT-HOSPITAL_C-0867,69,F,153,84,236.4,115.5,1,174,1,0,"Patient Sarah Wilson (MRN-100867, SSN 722-81-2375) admitted at Mercy General Hospital in Miami on 2026-03-26. Contact sarah.wilson@example.com or phone 874-589-9544. Presents with atypical chest discomfort radiating to left arm. Hospital C record."
PAT-HOSPITAL_C-0868,38,M,177,87,184.3,97.2,0,171,0,1,"Patient Laura Martinez (MRN-100868, SSN 506-32-4860) admitted at Presbyterian Hospital in Miami on 2026-08-19. Contact laura.martinez@example.com or phone 281-458-2873. Reports tightness in chest and shortness of breath. Hospital C record."
PAT-HOSPITAL_C-0869,50,M,119,81,292.2,98.7,1,173,0,0,"Patient Alice Smith (MRN-100869, SSN 355-24-1946) admitted at Presbyterian Hospital in San Francisco on 2026-07-18. Contact alice.smith@example.com or phone 526-995-7636. History of hypertension and dyspnea on exertion. Hospital C record."
PAT-HOSPITAL_C-0870,79,M,139,84,165.6,111.4,1,119,0,0,"Patient Robert Johnson (MRN-100870, SSN 401-15-4225) admitted at Presbyterian Hospital in Chicago on 2026-07-27. Contact robert.johnson@example.com or phone 201-782-3459. Asymptomatic routine checkup with elevated blood pressure. Hospital C record."
PAT-HOSPITAL_C-0871,36,M,113,108,311.3,150.2,2,104,0,0,"Patient John Doe (MRN-100871, SSN 322-70-4879) admitted at Mercy General Hospital in Miami on 2026-06-21. Contact john.doe@example.com or phone 637-207-4741. Reports tightness in chest and shortness of breath. Hospital C record."
PAT-HOSPITAL_C-0872,67,F,130,88,290.4,123.0,2,131,0,0,"Patient David Taylor (MRN-100872, SSN 951-86-2457) admitted at Mercy General Hospital in New York on 2026-01-25. Contact david.taylor@example.com or phone 702-849-9441. Reports tightness in chest and shortness of breath. Hospital C record."
PAT-HOSPITAL_C-0873,42,F,111,93,312.0,123.1,0,170,0,1,"Patient Sarah Wilson (MRN-100873, SSN 657-38-9165) admitted at St. Jude Hospital in Seattle on 2026-02-27. Contact sarah.wilson@example.com or phone 658-363-5247. Presents with atypical chest discomfort radiating to left arm. Hospital C record."
PAT-HOSPITAL_C-0874,64,M,114,104,224.1,116.4,2,115,0,1,"Patient Emily Davis (MRN-100874, SSN 409-88-7138) admitted at Presbyterian Hospital in Seattle on 2026-08-16. Contact emily.davis@example.com or phone 336-953-3162. Experiencing acute exertional angina and mild dizziness. Hospital C record."
PAT-HOSPITAL_C-0875,59,M,116,106,245.1,116.9,3,157,0,0,"Patient John Doe (MRN-100875, SSN 679-55-4733) admitted at City Health Medical Center in Dallas on 2026-02-19. Contact john.doe@example.com or phone 912-247-8294. Reports tightness in chest and shortness of breath. Hospital C record."
PAT-HOSPITAL_C-0876,75,M,127,100,264.7,121.8,1,128,0,0,"Patient Emily Davis (MRN-100876, SSN 985-75-9573) admitted at City Health Medical Center in Dallas on 2026-03-26. Contact emily.davis@example.com or phone 455-236-7510. Asymptomatic routine checkup with elevated blood pressure. Hospital C record."
PAT-HOSPITAL_C-0877,68,F,113,82,244.2,82.8,0,166,1,0,"Patient Emily Davis (MRN-100877, SSN 908-67-2839) admitted at City Health Medical Center in San Francisco on 2026-08-23. Contact emily.davis@example.com or phone 481-793-7262. Asymptomatic routine checkup with elevated blood pressure. Hospital C record."
PAT-HOSPITAL_C-0878,59,M,111,99,282.4,102.0,2,128,0,0,"Patient Emily Davis (MRN-100878, SSN 544-70-7533) admitted at Presbyterian Hospital in Miami on 2026-06-13. Contact emily.davis@example.com or phone 607-259-2403. Presents with atypical chest discomfort radiating to left arm. Hospital C record."
PAT-HOSPITAL_C-0879,65,M,128,99,190.0,100.7,1,159,0,0,"Patient Alice Smith (MRN-100879, SSN 927-11-6331) admitted at City Health Medical Center in Boston on 2026-06-13. Contact alice.smith@example.com or phone 796-697-8151. History of hypertension and dyspnea on exertion. Hospital C record."
PAT-HOSPITAL_C-0880,40,M,144,76,169.5,83.6,3,185,0,0,"Patient Michael Brown (MRN-100880, SSN 552-98-7613) admitted at St. Jude Hospital in San Francisco on 2026-07-18. Contact michael.brown@example.com or phone 986-915-3531. Asymptomatic routine checkup with elevated blood pressure. Hospital C record."
PAT-HOSPITAL_C-0881,54,F,129,105,234.1,152.7,0,125,0,0,"Patient Michael Brown (MRN-100881, SSN 830-24-5100) admitted at St. Jude Hospital in Chicago on 2026-05-17. Contact michael.brown@example.com or phone 496-987-4051. Experiencing acute exertional angina and mild dizziness. Hospital C record."
PAT-HOSPITAL_C-0882,43,M,118,85,208.8,120.3,2,152,0,1,"Patient Michael Brown (MRN-100882, SSN 506-97-9296) admitted at Presbyterian Hospital in Atlanta on 2026-07-15. Contact michael.brown@example.com or phone 478-310-6408. Experiencing acute exertional angina and mild dizziness. Hospital C record."
PAT-HOSPITAL_C-0883,55,F,135,74,222.6,84.9,3,100,1,0,"Patient Laura Martinez (MRN-100883, SSN 228-96-7997) admitted at Presbyterian Hospital in Boston on 2026-06-20. Contact laura.martinez@example.com or phone 888-475-5175. Reports tightness in chest and shortness of breath. Hospital C record."
PAT-HOSPITAL_C-0884,40,M,177,89,181.7,113.7,0,117,0,0,"Patient David Taylor (MRN-100884, SSN 243-16-6100) admitted at St. Jude Hospital in Boston on 2026-08-25. Contact david.taylor@example.com or phone 218-324-4496. History of hypertension and dyspnea on exertion. Hospital C record."
PAT-HOSPITAL_C-0885,69,M,161,73,270.7,88.2,1,183,0,0,"Patient Michael Brown (MRN-100885, SSN 403-96-9875) admitted at City Health Medical Center in Chicago on 2026-03-13. Contact michael.brown@example.com or phone 397-428-3578. Reports tightness in chest and shortness of breath. Hospital C record."
PAT-HOSPITAL_C-0886,42,F,177,84,153.4,145.4,0,166,0,0,"Patient David Taylor (MRN-100886, SSN 178-42-2946) admitted at Mercy General Hospital in Boston on 2026-01-11. Contact david.taylor@example.com or phone 570-268-7815. History of hypertension and dyspnea on exertion. Hospital C record."
PAT-HOSPITAL_C-0887,39,M,151,77,163.7,148.1,1,103,1,0,"Patient Emily Davis (MRN-100887, SSN 793-87-5241) admitted at Mercy General Hospital in Miami on 2026-02-27. Contact emily.davis@example.com or phone 491-400-9951. Asymptomatic routine checkup with elevated blood pressure. Hospital C record."
PAT-HOSPITAL_C-0888,36,F,168,101,199.8,82.7,1,142,0,0,"Patient Alice Smith (MRN-100888, SSN 254-60-6452) admitted at St. Jude Hospital in Chicago on 2026-07-13. Contact alice.smith@example.com or phone 806-495-3941. Asymptomatic routine checkup with elevated blood pressure. Hospital C record."
PAT-HOSPITAL_C-0889,77,M,117,109,182.6,97.4,1,109,1,1,"Patient Emily Davis (MRN-100889, SSN 836-24-1107) admitted at St. Jude Hospital in Boston on 2026-05-24. Contact emily.davis@example.com or phone 536-415-6954. History of hypertension and dyspnea on exertion. Hospital C record."
PAT-HOSPITAL_C-0890,59,F,131,89,210.3,115.6,2,165,1,0,"Patient John Doe (MRN-100890, SSN 986-34-8150) admitted at City Health Medical Center in Boston on 2026-02-16. Contact john.doe@example.com or phone 688-750-4042. Reports tightness in chest and shortness of breath. Hospital C record."
PAT-HOSPITAL_C-0891,58,F,144,72,307.8,91.8,0,123,1,1,"Patient Emily Davis (MRN-100891, SSN 449-17-2932) admitted at St. Jude Hospital in San Francisco on 2026-08-22. Contact emily.davis@example.com or phone 652-857-3140. Presents with atypical chest discomfort radiating to left arm. Hospital C record."
PAT-HOSPITAL_C-0892,62,F,159,102,212.5,95.8,0,194,0,1,"Patient Michael Brown (MRN-100892, SSN 984-88-2270) admitted at Mercy General Hospital in Chicago on 2026-01-26. Contact michael.brown@example.com or phone 892-267-6884. Asymptomatic routine checkup with elevated blood pressure. Hospital C record."
PAT-HOSPITAL_C-0893,57,M,162,89,228.8,101.8,0,155,0,0,"Patient Emily Davis (MRN-100893, SSN 408-58-1935) admitted at Mercy General Hospital in Boston on 2026-05-27. Contact emily.davis@example.com or phone 814-541-3450. Experiencing acute exertional angina and mild dizziness. Hospital C record."
PAT-HOSPITAL_C-0894,55,F,154,89,237.4,145.8,2,140,0,0,"Patient David Taylor (MRN-100894, SSN 542-42-3481) admitted at City Health Medical Center in Boston on 2026-08-24. Contact david.taylor@example.com or phone 820-362-7020. Reports tightness in chest and shortness of breath. Hospital C record."
PAT-HOSPITAL_C-0895,38,M,153,71,311.4,150.9,2,187,0,1,"Patient John Doe (MRN-100895, SSN 243-74-8744) admitted at Presbyterian Hospital in Seattle on 2026-03-19. Contact john.doe@example.com or phone 726-532-9825. Asymptomatic routine checkup with elevated blood pressure. Hospital C record."
PAT-HOSPITAL_C-0896,74,M,127,86,229.5,129.3,2,182,1,0,"Patient Laura Martinez (MRN-100896, SSN 125-89-6951) admitted at Mercy General Hospital in Boston on 2026-02-19. Contact laura.martinez@example.com or phone 468-426-5325. History of hypertension and dyspnea on exertion. Hospital C record."
PAT-HOSPITAL_C-0897,54,F,159,90,277.7,142.5,3,158,1,0,"Patient Alice Smith (MRN-100897, SSN 938-67-9788) admitted at St. Jude Hospital in Miami on 2026-08-14. Contact alice.smith@example.com or phone 775-430-6389. Asymptomatic routine checkup with elevated blood pressure. Hospital C record."
PAT-HOSPITAL_C-0898,46,M,123,75,311.5,147.3,2,112,0,1,"Patient Emily Davis (MRN-100898, SSN 495-37-2409) admitted at City Health Medical Center in Dallas on 2026-05-13. Contact emily.davis@example.com or phone 915-921-3432. Presents with atypical chest discomfort radiating to left arm. Hospital C record."
PAT-HOSPITAL_C-0899,37,F,160,99,271.6,97.4,3,101,0,0,"Patient John Doe (MRN-100899, SSN 851-59-2704) admitted at St. Jude Hospital in San Francisco on 2026-08-24. Contact john.doe@example.com or phone 605-201-9104. Experiencing acute exertional angina and mild dizziness. Hospital C record."
PAT-HOSPITAL_C-0900,42,F,162,100,269.4,110.8,3,191,1,0,"Patient Emily Davis (MRN-100900, SSN 172-27-4811) admitted at Presbyterian Hospital in San Francisco on 2026-07-19. Contact emily.davis@example.com or phone 441-553-9781. Asymptomatic routine checkup with elevated blood pressure. Hospital C record."
PAT-HOSPITAL_C-0901,72,F,150,92,308.1,86.6,1,155,0,1,"Patient Michael Brown (MRN-100901, SSN 883-59-3998) admitted at St. Jude Hospital in Seattle on 2026-01-12. Contact michael.brown@example.com or phone 576-254-9979. Reports tightness in chest and shortness of breath. Hospital C record."
PAT-HOSPITAL_C-0902,72,F,143,97,195.0,119.3,2,191,0,1,"Patient Alice Smith (MRN-100902, SSN 288-23-6713) admitted at St. Jude Hospital in Seattle on 2026-04-10. Contact alice.smith@example.com or phone 551-820-2893. Experiencing acute exertional angina and mild dizziness. Hospital C record."
PAT-HOSPITAL_C-0903,40,M,124,104,197.1,117.6,0,159,0,0,"Patient Alice Smith (MRN-100903, SSN 951-37-3784) admitted at City Health Medical Center in Seattle on 2026-07-27. Contact alice.smith@example.com or phone 330-277-6781. Asymptomatic routine checkup with elevated blood pressure. Hospital C record."
PAT-HOSPITAL_C-0904,68,M,159,76,210.3,81.4,2,183,0,1,"Patient John Doe (MRN-100904, SSN 327-95-9184) admitted at Mercy General Hospital in San Francisco on 2026-05-19. Contact john.doe@example.com or phone 311-596-8003. Experiencing acute exertional angina and mild dizziness. Hospital C record."
PAT-HOSPITAL_C-0905,68,M,157,79,220.6,110.6,1,175,0,0,"Patient David Taylor (MRN-100905, SSN 374-41-7498) admitted at Mercy General Hospital in San Francisco on 2026-08-27. Contact david.taylor@example.com or phone 889-742-7831. Asymptomatic routine checkup with elevated blood pressure. Hospital C record."
PAT-HOSPITAL_C-0906,73,F,160,81,234.0,140.1,0,183,0,0,"Patient Laura Martinez (MRN-100906, SSN 390-17-5905) admitted at City Health Medical Center in Chicago on 2026-03-22. Contact laura.martinez@example.com or phone 792-844-6585. Reports tightness in chest and shortness of breath. Hospital C record."
PAT-HOSPITAL_C-0907,76,M,158,104,274.6,141.8,1,136,0,0,"Patient Emily Davis (MRN-100907, SSN 795-30-4748) admitted at St. Jude Hospital in Chicago on 2026-07-22. Contact emily.davis@example.com or phone 283-207-5579. Reports tightness in chest and shortness of breath. Hospital C record."
PAT-HOSPITAL_C-0908,52,M,125,70,164.3,154.5,1,193,0,1,"Patient David Taylor (MRN-100908, SSN 205-11-5317) admitted at Presbyterian Hospital in San Francisco on 2026-03-14. Contact david.taylor@example.com or phone 453-406-4576. Presents with atypical chest discomfort radiating to left arm. Hospital C record."
PAT-HOSPITAL_C-0909,43,F,160,88,287.8,150.5,2,116,0,0,"Patient Alice Smith (MRN-100909, SSN 600-93-7302) admitted at St. Jude Hospital in Dallas on 2026-01-26. Contact alice.smith@example.com or phone 823-955-9628. Experiencing acute exertional angina and mild dizziness. Hospital C record."
PAT-HOSPITAL_C-0910,67,F,171,91,284.6,82.7,0,102,0,1,"Patient Emily Davis (MRN-100910, SSN 898-61-4709) admitted at City Health Medical Center in Dallas on 2026-01-20. Contact emily.davis@example.com or phone 511-528-3226. Presents with atypical chest discomfort radiating to left arm. Hospital C record."
PAT-HOSPITAL_C-0911,37,F,161,75,287.2,112.2,2,185,1,0,"Patient Laura Martinez (MRN-100911, SSN 808-11-6550) admitted at Mercy General Hospital in New York on 2026-04-27. Contact laura.martinez@example.com or phone 479-944-8229. History of hypertension and dyspnea on exertion. Hospital C record."
PAT-HOSPITAL_C-0912,47,M,138,80,157.4,137.3,0,160,0,0,"Patient Emily Davis (MRN-100912, SSN 328-19-1704) admitted at City Health Medical Center in Dallas on 2026-05-23. Contact emily.davis@example.com or phone 536-328-9302. Asymptomatic routine checkup with elevated blood pressure. Hospital C record."
PAT-HOSPITAL_C-0913,48,F,149,77,225.7,105.5,0,180,0,0,"Patient David Taylor (MRN-100913, SSN 846-97-1461) admitted at St. Jude Hospital in New York on 2026-08-21. Contact david.taylor@example.com or phone 631-262-2963. Experiencing acute exertional angina and mild dizziness. Hospital C record."
PAT-HOSPITAL_C-0914,59,M,144,84,274.5,110.3,0,179,1,1,"Patient David Taylor (MRN-100914, SSN 121-23-3538) admitted at City Health Medical Center in Chicago on 2026-07-24. Contact david.taylor@example.com or phone 612-556-5364. History of hypertension and dyspnea on exertion. Hospital C record."
PAT-HOSPITAL_C-0915,36,M,174,76,159.5,94.4,1,183,1,1,"Patient Michael Brown (MRN-100915, SSN 260-71-9605) admitted at Mercy General Hospital in Dallas on 2026-03-22. Contact michael.brown@example.com or phone 900-854-4468. Experiencing acute exertional angina and mild dizziness. Hospital C record."
PAT-HOSPITAL_C-0916,67,M,123,102,233.4,145.5,2,144,1,0,"Patient Sarah Wilson (MRN-100916, SSN 203-95-6685) admitted at Presbyterian Hospital in Boston on 2026-06-26. Contact sarah.wilson@example.com or phone 831-492-3593. History of hypertension and dyspnea on exertion. Hospital C record."
PAT-HOSPITAL_C-0917,77,F,152,71,316.2,155.5,2,100,0,1,"Patient Laura Martinez (MRN-100917, SSN 545-69-9853) admitted at Mercy General Hospital in Miami on 2026-02-10. Contact laura.martinez@example.com or phone 302-348-9803. History of hypertension and dyspnea on exertion. Hospital C record."
PAT-HOSPITAL_C-0918,73,M,151,83,254.0,131.9,0,131,1,0,"Patient Sarah Wilson (MRN-100918, SSN 501-32-7155) admitted at Presbyterian Hospital in San Francisco on 2026-02-22. Contact sarah.wilson@example.com or phone 923-743-3985. History of hypertension and dyspnea on exertion. Hospital C record."
PAT-HOSPITAL_C-0919,75,M,172,73,161.1,154.0,1,116,0,0,"Patient Emily Davis (MRN-100919, SSN 609-98-3943) admitted at City Health Medical Center in New York on 2026-04-17. Contact emily.davis@example.com or phone 564-937-3440. Asymptomatic routine checkup with elevated blood pressure. Hospital C record."
PAT-HOSPITAL_C-0920,61,M,177,109,187.3,122.7,1,139,0,1,"Patient David Taylor (MRN-100920, SSN 624-14-9614) admitted at Presbyterian Hospital in Dallas on 2026-01-15. Contact david.taylor@example.com or phone 215-845-4479. History of hypertension and dyspnea on exertion. Hospital C record."
PAT-HOSPITAL_C-0921,79,F,177,104,186.9,158.1,1,93,0,1,"Patient Laura Martinez (MRN-100921, SSN 477-66-8728) admitted at Presbyterian Hospital in New York on 2026-08-13. Contact laura.martinez@example.com or phone 811-349-7656. Asymptomatic routine checkup with elevated blood pressure. Hospital C record."
PAT-HOSPITAL_C-0922,38,F,162,96,312.2,106.7,0,176,0,0,"Patient David Taylor (MRN-100922, SSN 150-91-5072) admitted at Mercy General Hospital in Miami on 2026-02-18. Contact david.taylor@example.com or phone 468-534-3681. History of hypertension and dyspnea on exertion. Hospital C record."
PAT-HOSPITAL_C-0923,51,F,145,91,170.9,96.0,1,111,1,0,"Patient David Taylor (MRN-100923, SSN 443-13-1916) admitted at Mercy General Hospital in Atlanta on 2026-08-22. Contact david.taylor@example.com or phone 784-893-3565. Experiencing acute exertional angina and mild dizziness. Hospital C record."
PAT-HOSPITAL_C-0924,55,M,173,95,221.0,152.7,3,171,0,1,"Patient Sarah Wilson (MRN-100924, SSN 215-76-7557) admitted at Mercy General Hospital in Dallas on 2026-04-10. Contact sarah.wilson@example.com or phone 309-655-4860. Reports tightness in chest and shortness of breath. Hospital C record."
PAT-HOSPITAL_C-0925,79,F,134,96,195.7,130.1,1,106,0,1,"Patient Emily Davis (MRN-100925, SSN 979-97-5666) admitted at Presbyterian Hospital in Seattle on 2026-06-23. Contact emily.davis@example.com or phone 420-773-9616. Asymptomatic routine checkup with elevated blood pressure. Hospital C record."
PAT-HOSPITAL_C-0926,57,F,110,100,261.0,156.1,2,134,0,1,"Patient John Doe (MRN-100926, SSN 979-98-4056) admitted at Mercy General Hospital in Dallas on 2026-08-10. Contact john.doe@example.com or phone 902-902-1825. Presents with atypical chest discomfort radiating to left arm. Hospital C record."
PAT-HOSPITAL_C-0927,63,M,143,74,301.4,113.4,1,179,1,0,"Patient David Taylor (MRN-100927, SSN 268-19-3692) admitted at Presbyterian Hospital in Atlanta on 2026-01-21. Contact david.taylor@example.com or phone 823-539-7769. History of hypertension and dyspnea on exertion. Hospital C record."
PAT-HOSPITAL_C-0928,73,M,128,82,160.1,84.9,3,147,1,0,"Patient Laura Martinez (MRN-100928, SSN 711-82-2451) admitted at St. Jude Hospital in San Francisco on 2026-02-27. Contact laura.martinez@example.com or phone 836-990-7531. Experiencing acute exertional angina and mild dizziness. Hospital C record."
PAT-HOSPITAL_C-0929,76,F,166,75,172.6,100.5,1,103,0,0,"Patient Robert Johnson (MRN-100929, SSN 240-95-6073) admitted at Presbyterian Hospital in New York on 2026-08-20. Contact robert.johnson@example.com or phone 760-704-1766. Asymptomatic routine checkup with elevated blood pressure. Hospital C record."
PAT-HOSPITAL_C-0930,59,M,164,91,155.9,112.9,3,93,0,0,"Patient David Taylor (MRN-100930, SSN 155-90-2697) admitted at Presbyterian Hospital in Seattle on 2026-07-19. Contact david.taylor@example.com or phone 856-259-2344. Reports tightness in chest and shortness of breath. Hospital C record."
PAT-HOSPITAL_C-0931,53,M,117,105,268.9,122.9,1,186,0,1,"Patient Laura Martinez (MRN-100931, SSN 491-84-1801) admitted at St. Jude Hospital in Seattle on 2026-02-15. Contact laura.martinez@example.com or phone 301-422-7886. Reports tightness in chest and shortness of breath. Hospital C record."
PAT-HOSPITAL_C-0932,37,F,148,103,218.6,153.5,2,161,0,0,"Patient John Doe (MRN-100932, SSN 247-52-1210) admitted at Mercy General Hospital in Boston on 2026-02-26. Contact john.doe@example.com or phone 743-307-6719. Asymptomatic routine checkup with elevated blood pressure. Hospital C record."
PAT-HOSPITAL_C-0933,73,M,174,85,245.9,153.2,2,160,0,0,"Patient Emily Davis (MRN-100933, SSN 723-85-4386) admitted at Mercy General Hospital in New York on 2026-03-17. Contact emily.davis@example.com or phone 819-340-5385. Asymptomatic routine checkup with elevated blood pressure. Hospital C record."
PAT-HOSPITAL_C-0934,44,F,148,82,304.7,124.0,0,145,0,0,"Patient Robert Johnson (MRN-100934, SSN 594-10-8426) admitted at City Health Medical Center in Atlanta on 2026-08-16. Contact robert.johnson@example.com or phone 425-618-1390. History of hypertension and dyspnea on exertion. Hospital C record."
PAT-HOSPITAL_C-0935,39,M,119,74,190.5,159.2,0,132,0,0,"Patient Emily Davis (MRN-100935, SSN 467-11-6504) admitted at Presbyterian Hospital in New York on 2026-07-22. Contact emily.davis@example.com or phone 847-576-9424. Reports tightness in chest and shortness of breath. Hospital C record."
PAT-HOSPITAL_C-0936,64,F,174,104,203.3,144.1,3,178,1,0,"Patient Alice Smith (MRN-100936, SSN 480-37-3934) admitted at City Health Medical Center in Miami on 2026-08-11. Contact alice.smith@example.com or phone 396-374-1061. Presents with atypical chest discomfort radiating to left arm. Hospital C record."
PAT-HOSPITAL_C-0937,55,F,148,98,177.4,120.1,3,128,0,0,"Patient Alice Smith (MRN-100937, SSN 428-56-1181) admitted at Mercy General Hospital in Seattle on 2026-07-21. Contact alice.smith@example.com or phone 299-862-6580. Experiencing acute exertional angina and mild dizziness. Hospital C record."
PAT-HOSPITAL_C-0938,56,F,135,70,178.5,116.3,1,108,1,1,"Patient Michael Brown (MRN-100938, SSN 307-91-7393) admitted at City Health Medical Center in Boston on 2026-01-27. Contact michael.brown@example.com or phone 793-893-6829. Presents with atypical chest discomfort radiating to left arm. Hospital C record."
PAT-HOSPITAL_C-0939,70,F,124,77,202.3,132.2,2,153,0,0,"Patient John Doe (MRN-100939, SSN 608-67-2030) admitted at Mercy General Hospital in Atlanta on 2026-07-22. Contact john.doe@example.com or phone 788-529-9443. Asymptomatic routine checkup with elevated blood pressure. Hospital C record."
PAT-HOSPITAL_C-0940,58,F,114,98,241.6,128.0,3,103,1,0,"Patient Laura Martinez (MRN-100940, SSN 186-58-1725) admitted at Presbyterian Hospital in Miami on 2026-03-24. Contact laura.martinez@example.com or phone 845-714-9479. Presents with atypical chest discomfort radiating to left arm. Hospital C record."
PAT-HOSPITAL_C-0941,39,F,154,92,299.5,132.7,3,107,0,0,"Patient David Taylor (MRN-100941, SSN 989-63-4409) admitted at City Health Medical Center in Miami on 2026-05-13. Contact david.taylor@example.com or phone 387-885-1540. History of hypertension and dyspnea on exertion. Hospital C record."
PAT-HOSPITAL_C-0942,36,F,177,92,227.5,126.2,1,173,0,0,"Patient Sarah Wilson (MRN-100942, SSN 860-87-6411) admitted at Mercy General Hospital in Miami on 2026-07-25. Contact sarah.wilson@example.com or phone 336-868-9937. Asymptomatic routine checkup with elevated blood pressure. Hospital C record."
PAT-HOSPITAL_C-0943,64,F,114,96,164.1,105.8,2,121,0,0,"Patient Emily Davis (MRN-100943, SSN 681-62-7640) admitted at Mercy General Hospital in San Francisco on 2026-06-18. Contact emily.davis@example.com or phone 259-954-3777. History of hypertension and dyspnea on exertion. Hospital C record."
PAT-HOSPITAL_C-0944,67,M,176,95,265.4,152.7,0,192,0,0,"Patient Emily Davis (MRN-100944, SSN 501-62-2002) admitted at City Health Medical Center in San Francisco on 2026-02-20. Contact emily.davis@example.com or phone 393-747-6358. History of hypertension and dyspnea on exertion. Hospital C record."
PAT-HOSPITAL_C-0945,66,F,148,102,171.3,114.2,3,104,1,0,"Patient Michael Brown (MRN-100945, SSN 938-58-5023) admitted at St. Jude Hospital in Atlanta on 2026-04-12. Contact michael.brown@example.com or phone 210-529-8643. Experiencing acute exertional angina and mild dizziness. Hospital C record."
PAT-HOSPITAL_C-0946,35,F,127,79,203.0,93.2,0,129,0,0,"Patient David Taylor (MRN-100946, SSN 789-68-8576) admitted at Presbyterian Hospital in Seattle on 2026-05-18. Contact david.taylor@example.com or phone 322-299-9697. History of hypertension and dyspnea on exertion. Hospital C record."
PAT-HOSPITAL_C-0947,47,F,117,108,248.6,113.8,3,179,1,1,"Patient Robert Johnson (MRN-100947, SSN 587-64-5206) admitted at Presbyterian Hospital in New York on 2026-03-15. Contact robert.johnson@example.com or phone 250-855-1143. History of hypertension and dyspnea on exertion. Hospital C record."
PAT-HOSPITAL_C-0948,40,M,166,97,245.4,118.2,2,185,0,1,"Patient Robert Johnson (MRN-100948, SSN 138-81-5537) admitted at St. Jude Hospital in Boston on 2026-04-18. Contact robert.johnson@example.com or phone 298-377-9361. Presents with atypical chest discomfort radiating to left arm. Hospital C record."
PAT-HOSPITAL_C-0949,68,F,162,85,167.6,137.6,3,181,0,0,"Patient John Doe (MRN-100949, SSN 130-98-4641) admitted at Mercy General Hospital in Dallas on 2026-01-15. Contact john.doe@example.com or phone 720-901-8189. Experiencing acute exertional angina and mild dizziness. Hospital C record."
PAT-HOSPITAL_C-0950,60,M,130,98,225.8,151.1,1,113,0,0,"Patient Michael Brown (MRN-100950, SSN 531-13-7044) admitted at Presbyterian Hospital in Seattle on 2026-02-11. Contact michael.brown@example.com or phone 212-280-2330. Experiencing acute exertional angina and mild dizziness. Hospital C record."
PAT-HOSPITAL_C-0951,70,F,167,102,260.0,151.6,3,189,0,1,"Patient David Taylor (MRN-100951, SSN 752-44-4279) admitted at Presbyterian Hospital in Seattle on 2026-03-21. Contact david.taylor@example.com or phone 543-569-1741. Experiencing acute exertional angina and mild dizziness. Hospital C record."
PAT-HOSPITAL_C-0952,56,M,120,75,317.5,127.9,3,163,1,1,"Patient Sarah Wilson (MRN-100952, SSN 568-56-7533) admitted at Mercy General Hospital in Miami on 2026-05-16. Contact sarah.wilson@example.com or phone 630-335-7334. Presents with atypical chest discomfort radiating to left arm. Hospital C record."
PAT-HOSPITAL_C-0953,60,M,145,85,211.5,91.8,3,136,0,0,"Patient Alice Smith (MRN-100953, SSN 199-95-3195) admitted at Presbyterian Hospital in San Francisco on 2026-01-14. Contact alice.smith@example.com or phone 783-316-3709. Reports tightness in chest and shortness of breath. Hospital C record."
PAT-HOSPITAL_C-0954,77,M,129,88,277.7,115.8,0,190,1,0,"Patient Alice Smith (MRN-100954, SSN 516-76-3318) admitted at St. Jude Hospital in Chicago on 2026-01-20. Contact alice.smith@example.com or phone 970-743-6411. Experiencing acute exertional angina and mild dizziness. Hospital C record."
PAT-HOSPITAL_C-0955,79,M,169,74,178.7,103.8,3,185,0,1,"Patient Laura Martinez (MRN-100955, SSN 414-26-6163) admitted at Presbyterian Hospital in Miami on 2026-01-11. Contact laura.martinez@example.com or phone 998-512-2096. Presents with atypical chest discomfort radiating to left arm. Hospital C record."
PAT-HOSPITAL_C-0956,43,F,171,92,304.3,89.0,0,123,1,0,"Patient Alice Smith (MRN-100956, SSN 476-82-9250) admitted at Presbyterian Hospital in Boston on 2026-06-14. Contact alice.smith@example.com or phone 719-234-8653. Experiencing acute exertional angina and mild dizziness. Hospital C record."
PAT-HOSPITAL_C-0957,57,F,156,92,151.3,138.6,1,99,0,0,"Patient Sarah Wilson (MRN-100957, SSN 145-40-7831) admitted at City Health Medical Center in Atlanta on 2026-04-15. Contact sarah.wilson@example.com or phone 276-503-5277. Experiencing acute exertional angina and mild dizziness. Hospital C record."
PAT-HOSPITAL_C-0958,77,F,126,74,202.7,84.4,2,156,0,0,"Patient Emily Davis (MRN-100958, SSN 333-43-9943) admitted at Presbyterian Hospital in Miami on 2026-07-11. Contact emily.davis@example.com or phone 295-476-6612. Presents with atypical chest discomfort radiating to left arm. Hospital C record."
PAT-HOSPITAL_C-0959,62,M,139,106,290.5,110.8,2,98,0,0,"Patient Robert Johnson (MRN-100959, SSN 479-40-9508) admitted at City Health Medical Center in Seattle on 2026-07-20. Contact robert.johnson@example.com or phone 903-411-5471. History of hypertension and dyspnea on exertion. Hospital C record."
PAT-HOSPITAL_C-0960,36,M,133,77,266.5,135.1,3,160,1,0,"Patient John Doe (MRN-100960, SSN 662-74-9590) admitted at Presbyterian Hospital in Chicago on 2026-06-26. Contact john.doe@example.com or phone 218-513-8313. Asymptomatic routine checkup with elevated blood pressure. Hospital C record."
PAT-HOSPITAL_C-0961,76,M,171,102,308.9,95.6,2,191,1,0,"Patient Alice Smith (MRN-100961, SSN 351-89-3405) admitted at St. Jude Hospital in Boston on 2026-03-25. Contact alice.smith@example.com or phone 754-250-8623. Reports tightness in chest and shortness of breath. Hospital C record."
PAT-HOSPITAL_C-0962,71,F,172,89,210.2,139.1,2,90,0,1,"Patient David Taylor (MRN-100962, SSN 257-73-6945) admitted at City Health Medical Center in San Francisco on 2026-06-18. Contact david.taylor@example.com or phone 598-615-4964. Asymptomatic routine checkup with elevated blood pressure. Hospital C record."
PAT-HOSPITAL_C-0963,59,M,134,99,271.2,150.5,0,176,0,1,"Patient Sarah Wilson (MRN-100963, SSN 406-87-1047) admitted at St. Jude Hospital in Boston on 2026-08-13. Contact sarah.wilson@example.com or phone 486-764-9207. Asymptomatic routine checkup with elevated blood pressure. Hospital C record."
PAT-HOSPITAL_C-0964,58,M,120,76,155.4,128.2,0,147,1,0,"Patient Robert Johnson (MRN-100964, SSN 637-24-4759) admitted at St. Jude Hospital in Chicago on 2026-08-25. Contact robert.johnson@example.com or phone 872-201-4221. Asymptomatic routine checkup with elevated blood pressure. Hospital C record."
PAT-HOSPITAL_C-0965,53,F,168,80,203.6,102.1,0,165,0,1,"Patient Laura Martinez (MRN-100965, SSN 984-22-5813) admitted at City Health Medical Center in Chicago on 2026-05-14. Contact laura.martinez@example.com or phone 759-298-2695. Presents with atypical chest discomfort radiating to left arm. Hospital C record."
PAT-HOSPITAL_C-0966,43,M,135,82,266.0,84.3,2,132,0,1,"Patient Michael Brown (MRN-100966, SSN 731-13-2769) admitted at City Health Medical Center in Atlanta on 2026-05-11. Contact michael.brown@example.com or phone 958-780-3653. Experiencing acute exertional angina and mild dizziness. Hospital C record."
PAT-HOSPITAL_C-0967,77,M,116,86,175.5,125.0,0,147,1,0,"Patient Robert Johnson (MRN-100967, SSN 923-42-6005) admitted at City Health Medical Center in Dallas on 2026-05-19. Contact robert.johnson@example.com or phone 206-883-3086. Presents with atypical chest discomfort radiating to left arm. Hospital C record."
PAT-HOSPITAL_C-0968,73,F,166,81,208.5,128.1,0,130,1,0,"Patient David Taylor (MRN-100968, SSN 323-58-2912) admitted at City Health Medical Center in Dallas on 2026-02-20. Contact david.taylor@example.com or phone 377-337-4668. Asymptomatic routine checkup with elevated blood pressure. Hospital C record."
PAT-HOSPITAL_C-0969,36,M,128,81,300.9,145.2,2,172,0,0,"Patient Emily Davis (MRN-100969, SSN 849-44-1839) admitted at St. Jude Hospital in Atlanta on 2026-06-15. Contact emily.davis@example.com or phone 687-934-8408. Experiencing acute exertional angina and mild dizziness. Hospital C record."
PAT-HOSPITAL_C-0970,75,F,115,98,241.4,154.5,2,148,0,0,"Patient Michael Brown (MRN-100970, SSN 904-79-2271) admitted at Presbyterian Hospital in Dallas on 2026-04-13. Contact michael.brown@example.com or phone 925-826-3000. History of hypertension and dyspnea on exertion. Hospital C record."
PAT-HOSPITAL_C-0971,37,M,151,82,286.4,100.8,3,165,0,0,"Patient Emily Davis (MRN-100971, SSN 952-67-5982) admitted at Presbyterian Hospital in Seattle on 2026-08-20. Contact emily.davis@example.com or phone 722-551-5165. Asymptomatic routine checkup with elevated blood pressure. Hospital C record."
PAT-HOSPITAL_C-0972,47,F,156,81,269.3,80.6,0,148,1,0,"Patient Alice Smith (MRN-100972, SSN 363-28-4653) admitted at St. Jude Hospital in New York on 2026-05-13. Contact alice.smith@example.com or phone 579-771-4677. Experiencing acute exertional angina and mild dizziness. Hospital C record."
PAT-HOSPITAL_C-0973,70,F,175,76,154.9,80.5,2,166,0,1,"Patient Sarah Wilson (MRN-100973, SSN 509-58-3115) admitted at Presbyterian Hospital in New York on 2026-06-23. Contact sarah.wilson@example.com or phone 589-214-9244. Experiencing acute exertional angina and mild dizziness. Hospital C record."
PAT-HOSPITAL_C-0974,51,M,122,84,171.5,133.3,3,180,1,1,"Patient John Doe (MRN-100974, SSN 879-69-5277) admitted at Mercy General Hospital in Atlanta on 2026-06-10. Contact john.doe@example.com or phone 575-492-3838. Reports tightness in chest and shortness of breath. Hospital C record."
PAT-HOSPITAL_C-0975,46,F,172,90,152.1,89.4,0,184,0,1,"Patient Robert Johnson (MRN-100975, SSN 931-10-3297) admitted at City Health Medical Center in Boston on 2026-08-18. Contact robert.johnson@example.com or phone 289-692-5556. History of hypertension and dyspnea on exertion. Hospital C record."
PAT-HOSPITAL_C-0976,69,M,166,96,269.7,148.2,1,103,1,0,"Patient David Taylor (MRN-100976, SSN 530-49-3093) admitted at Mercy General Hospital in Miami on 2026-05-23. Contact david.taylor@example.com or phone 861-959-6039. Reports tightness in chest and shortness of breath. Hospital C record."
PAT-HOSPITAL_C-0977,68,M,160,106,314.9,105.5,0,148,1,0,"Patient David Taylor (MRN-100977, SSN 434-93-5647) admitted at St. Jude Hospital in New York on 2026-08-25. Contact david.taylor@example.com or phone 646-466-2439. Presents with atypical chest discomfort radiating to left arm. Hospital C record."
PAT-HOSPITAL_C-0978,51,M,155,74,298.9,128.5,0,175,0,0,"Patient Alice Smith (MRN-100978, SSN 475-36-4705) admitted at City Health Medical Center in Boston on 2026-07-11. Contact alice.smith@example.com or phone 450-590-8033. Asymptomatic routine checkup with elevated blood pressure. Hospital C record."
PAT-HOSPITAL_C-0979,79,F,169,91,159.2,146.4,1,172,0,0,"Patient John Doe (MRN-100979, SSN 790-94-9551) admitted at Presbyterian Hospital in Boston on 2026-08-13. Contact john.doe@example.com or phone 599-433-5536. History of hypertension and dyspnea on exertion. Hospital C record."
PAT-HOSPITAL_C-0980,45,M,173,81,211.5,87.3,2,142,0,0,"Patient David Taylor (MRN-100980, SSN 575-24-7668) admitted at St. Jude Hospital in Seattle on 2026-05-23. Contact david.taylor@example.com or phone 686-939-8180. History of hypertension and dyspnea on exertion. Hospital C record."
PAT-HOSPITAL_C-0981,73,M,151,86,166.7,108.4,2,192,1,0,"Patient Robert Johnson (MRN-100981, SSN 428-51-5581) admitted at St. Jude Hospital in Miami on 2026-04-20. Contact robert.johnson@example.com or phone 651-857-4268. Asymptomatic routine checkup with elevated blood pressure. Hospital C record."
PAT-HOSPITAL_C-0982,35,F,116,79,259.3,93.2,3,170,0,0,"Patient Alice Smith (MRN-100982, SSN 626-90-1925) admitted at City Health Medical Center in Miami on 2026-05-15. Contact alice.smith@example.com or phone 603-765-3913. History of hypertension and dyspnea on exertion. Hospital C record."
PAT-HOSPITAL_C-0983,56,F,115,79,275.9,103.6,2,175,0,1,"Patient John Doe (MRN-100983, SSN 939-30-1284) admitted at City Health Medical Center in Dallas on 2026-03-20. Contact john.doe@example.com or phone 667-830-5995. Asymptomatic routine checkup with elevated blood pressure. Hospital C record."
PAT-HOSPITAL_C-0984,63,M,173,100,177.6,127.0,2,147,0,0,"Patient Laura Martinez (MRN-100984, SSN 209-40-7098) admitted at St. Jude Hospital in Atlanta on 2026-01-23. Contact laura.martinez@example.com or phone 990-671-4285. Asymptomatic routine checkup with elevated blood pressure. Hospital C record."
PAT-HOSPITAL_C-0985,51,M,168,71,281.3,98.1,1,173,0,0,"Patient David Taylor (MRN-100985, SSN 157-64-2795) admitted at City Health Medical Center in Chicago on 2026-01-23. Contact david.taylor@example.com or phone 824-204-1229. Reports tightness in chest and shortness of breath. Hospital C record."
PAT-HOSPITAL_C-0986,78,M,123,98,308.2,118.7,3,173,0,1,"Patient Alice Smith (MRN-100986, SSN 171-90-2573) admitted at St. Jude Hospital in Atlanta on 2026-03-23. Contact alice.smith@example.com or phone 793-371-4110. History of hypertension and dyspnea on exertion. Hospital C record."
PAT-HOSPITAL_C-0987,36,M,114,78,306.2,98.4,3,177,0,1,"Patient Michael Brown (MRN-100987, SSN 909-47-6857) admitted at Mercy General Hospital in Boston on 2026-06-19. Contact michael.brown@example.com or phone 497-201-6023. Presents with atypical chest discomfort radiating to left arm. Hospital C record."
PAT-HOSPITAL_C-0988,64,M,140,82,192.2,110.8,1,92,0,0,"Patient Michael Brown (MRN-100988, SSN 635-39-5068) admitted at City Health Medical Center in San Francisco on 2026-04-15. Contact michael.brown@example.com or phone 745-644-8262. Presents with atypical chest discomfort radiating to left arm. Hospital C record."
PAT-HOSPITAL_C-0989,54,F,139,95,318.1,141.7,0,145,0,1,"Patient Laura Martinez (MRN-100989, SSN 487-10-8840) admitted at City Health Medical Center in Miami on 2026-06-18. Contact laura.martinez@example.com or phone 448-857-2464. History of hypertension and dyspnea on exertion. Hospital C record."
PAT-HOSPITAL_C-0990,48,M,131,91,176.7,137.9,0,154,0,0,"Patient Robert Johnson (MRN-100990, SSN 448-94-5673) admitted at City Health Medical Center in Boston on 2026-07-18. Contact robert.johnson@example.com or phone 378-850-1645. Presents with atypical chest discomfort radiating to left arm. Hospital C record."
PAT-HOSPITAL_C-0991,62,M,161,109,278.2,113.1,2,124,1,1,"Patient David Taylor (MRN-100991, SSN 673-45-5635) admitted at St. Jude Hospital in Miami on 2026-02-19. Contact david.taylor@example.com or phone 754-241-9518. History of hypertension and dyspnea on exertion. Hospital C record."
PAT-HOSPITAL_C-0992,50,M,117,80,221.2,112.9,3,185,1,1,"Patient Laura Martinez (MRN-100992, SSN 726-58-4233) admitted at City Health Medical Center in New York on 2026-06-25. Contact laura.martinez@example.com or phone 570-269-1621. Reports tightness in chest and shortness of breath. Hospital C record."
PAT-HOSPITAL_C-0993,79,M,136,73,208.8,96.0,2,163,0,1,"Patient Emily Davis (MRN-100993, SSN 501-49-4216) admitted at Presbyterian Hospital in Miami on 2026-07-21. Contact emily.davis@example.com or phone 225-855-8039. History of hypertension and dyspnea on exertion. Hospital C record."
PAT-HOSPITAL_C-0994,74,M,117,101,167.0,147.6,0,122,0,0,"Patient Robert Johnson (MRN-100994, SSN 613-35-8807) admitted at St. Jude Hospital in Dallas on 2026-08-20. Contact robert.johnson@example.com or phone 355-481-8718. Asymptomatic routine checkup with elevated blood pressure. Hospital C record."
PAT-HOSPITAL_C-0995,71,F,146,75,257.5,140.4,3,146,1,0,"Patient John Doe (MRN-100995, SSN 191-23-6494) admitted at City Health Medical Center in Miami on 2026-06-19. Contact john.doe@example.com or phone 405-700-7466. Experiencing acute exertional angina and mild dizziness. Hospital C record."
PAT-HOSPITAL_C-0996,53,M,160,85,276.7,115.4,3,177,1,0,"Patient John Doe (MRN-100996, SSN 831-83-8333) admitted at Presbyterian Hospital in Atlanta on 2026-07-22. Contact john.doe@example.com or phone 719-231-1775. Reports tightness in chest and shortness of breath. Hospital C record."
PAT-HOSPITAL_C-0997,59,F,171,80,184.7,104.2,1,131,1,1,"Patient Robert Johnson (MRN-100997, SSN 790-29-2044) admitted at St. Jude Hospital in New York on 2026-07-21. Contact robert.johnson@example.com or phone 202-769-7698. Presents with atypical chest discomfort radiating to left arm. Hospital C record."
PAT-HOSPITAL_C-0998,48,F,158,76,181.2,116.1,2,159,0,1,"Patient David Taylor (MRN-100998, SSN 669-45-5346) admitted at St. Jude Hospital in Miami on 2026-05-20. Contact david.taylor@example.com or phone 331-998-5163. Experiencing acute exertional angina and mild dizziness. Hospital C record."
PAT-HOSPITAL_C-0999,74,F,167,71,165.4,89.5,1,107,1,0,"Patient John Doe (MRN-100999, SSN 579-31-1689) admitted at Presbyterian Hospital in Atlanta on 2026-01-27. Contact john.doe@example.com or phone 423-342-4259. Reports tightness in chest and shortness of breath. Hospital C record."
